"","date","Total.Tested","positive","Recovered","deaths","hospitalized","new.hospital","ICU","Admit","negative","Percent.Pos","discharged","never_hospitalized","New.Positive","New.Negative","New.Percent.Positive","Week.Positivity.Rate","Total.Daily.Tests","Still.Sick","Percent.Hospitalized","New.Deaths","Bremer.Positive","Butler.P","BlackHawk.P","Bremer.Recovered","Butler.R","BlackHawk.R","Bremer.Death","Butler.D","BlackHawk.D","Bremer.SS","Butler.SS","BlackHawk.SS","RMCC6.Hospitalized","RMCC6.ICU","RMCC6.Admit","RMCC6.Leave","Knights.Positive","Knights.Isolation","Kights.Quarantine","TotalTested2","TotalPositive2","TotalRecovered2","TotalDeaths2","X","np_7day","Week.Positivity","Week.Tests","wktot","nd_7day","pp_7day","P2","binomial"
"2",2020-03-09,NA,5,NA,0,NA,NA,NA,NA,NA,NA,NA,NA,2,NA,NA,NA,NA,NA,"",0,NA,NA,NA,NA,NA,NA,NA,NA,NA,NA,NA,NA,NA,NA,NA,NA,NA,NA,NA,40,7,0,NA,NA,NA,NA,NA,NA,NA,NA,25,7.20528672078325e-05
"3",2020-03-10,27,13,NA,0,NA,NA,NA,NA,14,48.1481481481481,NA,NA,8,NA,NA,NA,NA,NA,"",0,NA,NA,NA,NA,NA,NA,NA,NA,NA,NA,NA,NA,NA,NA,NA,NA,NA,NA,NA,49,12,0,NA,NA,NA,NA,NA,NA,NA,NA,169,0.000187337454740365
"4",2020-03-11,35,14,NA,0,NA,NA,NA,NA,21,40,NA,NA,1,7,0.125,NA,8,NA,"",0,NA,NA,NA,NA,NA,NA,NA,NA,NA,NA,NA,NA,NA,NA,NA,NA,NA,NA,NA,64,13,0,NA,NA,NA,NA,NA,NA,0,NA,196,0.000201748028181931
"5",2020-03-13,NA,17,NA,0,NA,NA,NA,NA,NA,NA,NA,NA,3,NA,NA,NA,NA,NA,"",0,NA,NA,NA,NA,NA,NA,NA,NA,NA,NA,NA,NA,NA,NA,NA,NA,NA,NA,NA,128,17,0,NA,NA,NA,41,NA,NA,0,NA,289,0.000244979748506631
"6",2020-03-14,NA,18,NA,0,NA,NA,NA,NA,NA,NA,NA,NA,1,NA,NA,NA,NA,NA,"",0,NA,NA,NA,NA,NA,NA,NA,NA,NA,NA,NA,NA,NA,NA,NA,NA,NA,NA,NA,129,18,0,NA,NA,NA,100,NA,NA,0,NA,324,0.000259390321948197
"7",2020-03-18,NA,38,4,0,NA,NA,NA,NA,NA,NA,NA,NA,20,NA,NA,NA,NA,NA,"",0,NA,NA,NA,NA,NA,NA,NA,NA,NA,NA,NA,NA,NA,NA,NA,NA,NA,NA,NA,539,42,4,NA,NA,NA,222,NA,24,0.428571428571429,NA,1444,0.000547601790779527
"8",2020-03-19,686,44,8,0,NA,NA,NA,NA,642,6.41399416909621,NA,NA,6,NA,NA,NA,NA,NA,"",0,NA,NA,NA,NA,NA,NA,NA,NA,NA,NA,NA,NA,NA,NA,NA,NA,NA,NA,NA,886,52,8,NA,NA,5.85714285714286,284,NA,30,0.857142857142857,NA,1936,0.000634065231428926
"9",2020-03-23,2148,105,11,0,NA,NA,NA,NA,2043,4.88826815642458,NA,NA,61,1401,0.0417236662106703,NA,1462,NA,"",0,NA,NA,NA,NA,NA,NA,NA,NA,NA,NA,NA,NA,NA,NA,NA,NA,NA,NA,NA,1245,82,11,NA,NA,14.2857142857143,319,NA,87,1.42857142857143,NA,11025,0.00151311021136448
"12",2020-03-28,4673,298,21,3,NA,NA,NA,NA,4375,6.3770597046865,NA,NA,63,635,0.0902578796561605,NA,698,NA,"",0,NA,NA,NA,NA,NA,NA,NA,NA,NA,NA,NA,NA,NA,NA,NA,NA,NA,NA,NA,2476,158,21,NA,NA,NA,459,NA,254,3.28571428571429,NA,88804,0.00429435088558682
"13",2020-03-29,5349,336,30,4,51,NA,NA,NA,5013,6.28154795288839,17,185,38,638,0.0562130177514793,0.0704618389842333,676,NA,"15%",1,NA,NA,NA,NA,NA,NA,NA,NA,NA,NA,NA,NA,NA,NA,NA,NA,NA,NA,NA,2917,185,30,NA,NA,NA,505,7167,292,4.57142857142857,0.0761378047448227,112896,0.00484195267636635
"14",2020-03-30,6586,424,60,6,51,NA,NA,NA,6162,6.43789857273003,23,203,88,1149,0.0711398544866613,0.0780674846625767,1237,NA,"12%",2,NA,NA,NA,NA,NA,NA,NA,NA,NA,NA,NA,NA,NA,NA,NA,NA,NA,NA,NA,5077,365,60,NA,NA,NA,509,6520,319,6.14285714285714,0.0815707954614403,179776,0.0061100831392242
"15",2020-03-31,7385,497,69,7,61,47,27,NA,6888,6.72985781990521,33,268,73,726,0.0913642052565707,-0.141636141636142,799,NA,"12%",1,NA,NA,NA,NA,NA,NA,NA,NA,NA,NA,NA,NA,NA,NA,NA,NA,NA,NA,NA,5878,432,69,NA,NA,NA,464,-3276,392,7.28571428571429,0.0698820482074764,247009,0.00716205500045856
"16",2020-04-01,7853,549,83,9,63,69,34,NA,7304,6.99095886922195,183,303,52,416,0.111111111111111,0.0876594215915215,468,NA,"11%",2,NA,NA,NA,NA,NA,NA,NA,NA,NA,NA,NA,NA,NA,NA,NA,NA,NA,NA,NA,6642,521,83,NA,NA,NA,488,5567,444,8.85714285714286,0.0582907141185156,301401,0.00791140481942001
"17",2020-04-02,8668,614,117,11,87,76,42,NA,8054,7.08352561144439,NA,NA,65,750,0.0797546012269939,0.0968681718863802,815,NA,"",2,NA,NA,NA,NA,NA,NA,NA,NA,NA,NA,NA,NA,NA,NA,NA,NA,NA,NA,NA,7275,575,117,NA,NA,NA,532,5492,509,11.4285714285714,0.0697516069949978,376996,0.00884809209312184
"18",2020-04-03,699,699,150,11,80,87,44,NA,0,100,204,415,85,NA,-0.010666332036642,0.104129263913824,-7969,NA,"11%",0,NA,NA,NA,NA,NA,NA,NA,NA,NA,NA,NA,NA,NA,NA,NA,NA,NA,NA,NA,7881,636,150,NA,NA,66.2857142857143,522,5013,464,14.1428571428571,0.0742891098783583,488601,0.010072990835655
"19",2020-04-04,10240,786,195,14,85,88,44,NA,9454,7.67578125,213,488,87,NA,0.00911854103343465,0.10331895743484,9541,NA,"11%",3,NA,NA,NA,NA,NA,NA,NA,NA,NA,NA,NA,NA,NA,NA,NA,NA,NA,NA,NA,8693,719,195,NA,NA,81.8571428571429,551,5333,488,16.8571428571429,0.0742589112721918,617796,0.0113267107250713
"20",2020-04-05,10841,868,243,22,91,103,60,NA,9973,8.00664145374043,235,542,82,519,0.136439267886855,0.0974971372484868,601,NA,"10%",8,NA,NA,NA,NA,NA,NA,NA,NA,NA,NA,NA,NA,NA,NA,NA,NA,NA,NA,NA,9845,848,243,NA,NA,88.1428571428571,596,6113,532,19.4285714285714,0.0694893752526557,753424,0.0125083777472797
"21",2020-04-06,11599,946,286,25,99,123,49,NA,10653,8.15587550650918,251,596,78,680,0.102902374670185,0.104044409199048,758,NA,"10%",3,NA,NA,NA,NA,NA,NA,NA,NA,NA,NA,NA,NA,NA,NA,NA,NA,NA,NA,NA,10461,928,286,NA,NA,86.7142857142857,656,6305,522,22,0.0758288725663765,894916,0.0136324024757219
"22",2020-04-07,12718,1048,311,26,104,130,53,NA,11670,8.24028935367196,298,646,102,1017,0.0911528150134048,0.045168480398584,1119,NA,"10%",1,NA,NA,NA,NA,NA,NA,NA,NA,NA,NA,NA,NA,NA,NA,NA,NA,NA,NA,NA,11445,1060,311,NA,NA,90.8571428571429,689,15254,551,24.8571428571429,0.0945538004666547,1098304,0.0151022809667617
"23",2020-04-08,13966,1145,347,27,122,125,60,NA,12821,8.19848202778176,NA,NA,97,1151,0.077724358974359,0.105049332559489,1248,NA,"11%",1,NA,NA,NA,NA,NA,NA,NA,NA,NA,NA,NA,NA,NA,NA,NA,NA,NA,NA,NA,11686,1078,347,NA,NA,97.2857142857143,724,6892,596,27.7142857142857,0.108033655079714,1311025,0.0165001065905937
"24",2020-04-09,14973,1270,437,29,NA,118,58,NA,13703,8.48193414813331,NA,NA,125,882,0.124131082423039,0.106502740334765,1007,NA,"",2,NA,NA,NA,NA,NA,NA,NA,NA,NA,NA,NA,NA,NA,NA,NA,NA,NA,NA,NA,12860,1210,437,NA,NA,105.857142857143,719,6751,656,30.4285714285714,0.112455374574139,1612900,0.0183014282707895
"25",2020-04-10,15953,1388,506,31,119,125,54,NA,14565,8.70055788879835,NA,NA,118,862,0.120408163265306,0.10765112019163,980,NA,"9%",2,NA,NA,NA,NA,NA,NA,NA,NA,NA,NA,NA,NA,NA,NA,NA,NA,NA,NA,NA,14213,1339,506,NA,NA,110.571428571429,764,7097,689,33,0.113671184403864,1926544,0.0200018759368943
"26",2020-04-11,17132,1510,574,34,118,124,58,NA,15622,8.81391547980388,NA,NA,122,1057,0.103477523324852,0.128008423586041,1179,802,"15%",3,NA,NA,NA,NA,NA,NA,NA,NA,NA,NA,NA,NA,NA,NA,NA,NA,NA,NA,NA,15320,1461,574,NA,674,103.428571428571,851,6648,724,36.2857142857143,0.14094786115035,2280100,0.0217599658967654
"27",2020-04-12,17592,1587,657,41,129,136,66,NA,16005,9.02114597544338,NA,NA,77,383,0.167391304347826,0.143994579027613,460,805,"16%",7,NA,NA,NA,NA,NA,NA,NA,NA,NA,NA,NA,NA,NA,NA,NA,NA,NA,NA,NA,16336,1598,657,NA,741,102.714285714286,850,5903,719,38.5714285714286,0.157109362836205,2518569,0.0228695800517661
"28",2020-04-13,18696,1710,755,43,142,142,70,NA,16986,9.14634146341463,NA,NA,123,981,0.111413043478261,0.152753419852683,1104,877,"16%",2,NA,NA,NA,NA,NA,NA,NA,NA,NA,NA,NA,NA,NA,NA,NA,NA,NA,NA,NA,17427,1741,755,NA,790,109.142857142857,871,5702,764,43,0.165253699519479,2924100,0.0246420805850787
"29",2020-04-14,19366,1899,796,49,163,163,73,NA,17467,9.80584529587938,NA,NA,189,481,0.282089552238806,0.161671519095736,670,1060,"15%",6,NA,NA,NA,NA,NA,NA,NA,NA,NA,NA,NA,NA,NA,NA,NA,NA,NA,NA,NA,18432,1918,796,NA,790,121.571428571429,944,5839,851,47.7142857142857,0.172480209512145,3606201,0.0273656789655348
"30",2020-04-15,19869,1995,822,43,171,167,76,NA,17874,10.0407670240072,NA,NA,96,407,0.190854870775348,0.172484952708512,503,1044,"16%",-6,NA,NA,NA,NA,NA,NA,NA,NA,NA,NA,NA,NA,NA,NA,NA,NA,NA,NA,NA,19384,2121,822,NA,908,121.428571428571,1003,5815,850,53.4285714285714,0.180084842852874,3980025,0.0287490940159252
"31",2020-04-16,20675,2141,928,60,176,176,85,NA,18534,10.3555018137848,NA,NA,146,660,0.181141439205955,0.188991089393504,806,1094,"",17,NA,NA,NA,NA,NA,NA,NA,NA,NA,NA,NA,NA,NA,NA,NA,NA,NA,NA,NA,19864,2203,928,NA,987,124.428571428571,1315,6958,871,58.2857142857143,0.19083894134057,4583881,0.0308530377383939
"32",2020-04-17,21792,2332,1018,64,182,182,88,NA,19460,10.701174743025,NA,NA,191,926,0.170993733213966,0.203396967995508,1117,1261,"",4,NA,NA,NA,NA,NA,NA,NA,NA,NA,NA,NA,NA,NA,NA,NA,NA,NA,NA,NA,20359,2286,1018,NA,1007,134.857142857143,1449,7124,944,63.4285714285714,0.203831678661448,5438224,0.0336054572657331
"33",2020-04-18,22947,2513,1099,74,193,193,84,NA,20434,10.9513226129777,NA,NA,181,974,0.156709956709957,0.211177112377258,1155,1344,"14%",10,NA,NA,NA,NA,NA,NA,NA,NA,NA,NA,NA,NA,NA,NA,NA,NA,NA,NA,NA,21612,2555,1099,NA,1095,143.285714285714,1742,8249,1003,68.2857142857143,0.201893696467365,6315169,0.0362137710586566
"34",2020-04-19,24550,2902,1182,75,198,198,86,NA,21648,11.8207739307536,NA,NA,389,1214,0.242669993761697,0.209313432835821,1603,1656,"12%",1,NA,NA,NA,NA,NA,NA,NA,NA,NA,NA,NA,NA,NA,NA,NA,NA,NA,NA,NA,22694,2707,1182,NA,1171,187.857142857143,1753,8375,1315,75,0.198930327464936,8421604,0.041819484127426
"35",2020-04-20,25820,3159,1291,79,214,214,91,NA,22661,12.2347017815647,NA,NA,257,1013,0.202362204724409,0.207639454990101,1270,1845,"12%",4,NA,NA,NA,NA,NA,NA,NA,NA,NA,NA,NA,NA,NA,NA,NA,NA,NA,NA,NA,24463,3168,1291,NA,1235,207,1783,8587,1449,80.1428571428571,0.197751266966527,9979281,0.0455230015019086
"36",2020-04-21,27615,3641,1356,83,214,214,89,NA,23974,13.1848632989317,NA,NA,482,1313,0.268523676880223,0.207543463314016,1795,2265,"9%",4,NA,NA,NA,NA,NA,NA,NA,NA,NA,NA,NA,NA,NA,NA,NA,NA,NA,NA,NA,25824,3483,1356,NA,1293,248.857142857143,2113,10181,1742,86.2857142857143,0.200777877561297,13256881,0.0524688979007437
"37",2020-04-22,28244,3748,1395,90,272,272,92,NA,24496,13.2700750601898,NA,NA,107,522,0.170111287758347,0.226168552135403,629,2230,"12%",7,NA,NA,NA,NA,NA,NA,NA,NA,NA,NA,NA,NA,NA,NA,NA,NA,NA,NA,NA,27612,3971,1395,NA,1428,250.428571428571,2579,11403,1753,91.5714285714286,0.217275289238707,14047504,0.0540108292589913
"38",2020-04-23,29262,3924,1551,96,282,282,102,NA,25338,13.4098831248718,NA,NA,176,842,0.172888015717092,0.223050259965338,1018,2336,"12%",6,NA,NA,NA,NA,NA,NA,NA,NA,NA,NA,NA,NA,NA,NA,NA,NA,NA,NA,NA,28164,4074,1551,NA,1492,254.714285714286,2574,11540,1783,97.7142857142857,0.21413524086881,15397776,0.056547090184707
"39",2020-04-24,31973,4445,1649,107,407,278,104,NA,27528,13.9023551121259,NA,NA,521,2190,0.192180007377352,0.21970802919708,2711,2734,"",11,NA,NA,NA,NA,NA,NA,NA,NA,NA,NA,NA,NA,NA,NA,NA,NA,NA,NA,NA,29050,4244,1649,NA,1604,301.857142857143,2709,12330,2113,104.571428571429,0.212410820499026,19758025,0.0640549989477631
"40",2020-04-25,34350,5092,1772,111,293,293,108,NA,29258,14.8238719068413,NA,NA,647,1730,0.27219183845183,0.224033420707733,2377,3258,"9%",4,NA,NA,NA,NA,NA,NA,NA,NA,NA,NA,NA,NA,NA,NA,NA,NA,NA,NA,NA,31714,4815,1772,NA,1723,368.428571428571,2735,12208,2579,112.142857142857,0.217428315894755,25928464,0.0733786399644567
"41",2020-04-26,36090,5476,1921,118,286,286,99,NA,30614,15.1731781656969,NA,NA,384,1356,0.220689655172414,0.236385855037043,1740,3458,"8%",7,NA,NA,NA,NA,NA,NA,NA,NA,NA,NA,NA,NA,NA,NA,NA,NA,NA,NA,NA,34150,5532,1921,NA,1900,367.714285714286,3095,13093,2574,120.428571428571,0.237191621266888,29986576,0.0789123001660182
"42",2020-04-27,38150,5868,2172,127,300,300,100,NA,32282,15.3813892529489,NA,NA,392,1668,0.190291262135922,0.240283476314808,2060,3720,"8%",9,NA,NA,NA,NA,NA,NA,NA,NA,NA,NA,NA,NA,NA,NA,NA,NA,NA,NA,NA,36120,5997,2172,NA,2021,387,3221,13405,2709,129.857142857143,0.244931571760579,34433424,0.0845612449551123
"43",2020-04-28,39823,6376,2301,136,304,304,98,NA,33447,16.0108480024107,NA,NA,508,1165,0.303646144650329,0.252496328928047,1673,4076,"7%",9,NA,NA,NA,NA,NA,NA,NA,NA,NA,NA,NA,NA,NA,NA,NA,NA,NA,NA,NA,38196,6438,2301,NA,2164,390.714285714286,3439,13620,2735,138.857142857143,0.253557745884877,40653376,0.0918818162634281
"44",2020-04-29,41337,6843,2422,148,323,323,100,NA,34494,16.5541766456201,NA,NA,467,1047,0.308454425363276,0.230799245626585,1514,4267,"8%",12,NA,NA,NA,NA,NA,NA,NA,NA,NA,NA,NA,NA,NA,NA,NA,NA,NA,NA,NA,40301,7031,2422,NA,2428,442.142857142857,3549,15377,3095,148,0.240832572750595,46826649,0.0986115540606396
"45",2020-04-30,42667,7145,2788,162,335,335,121,NA,35522,16.7459629221647,NA,NA,302,1028,0.227067669172932,0.216015442208704,1330,4286,"8%",14,NA,NA,NA,NA,NA,NA,NA,NA,NA,NA,NA,NA,NA,NA,NA,NA,NA,NA,NA,42493,7698,2788,NA,2697,460.142857142857,3693,17096,3221,157.428571428571,0.231111946754585,51051025,0.102963547239993
"46",2020-05-01,45593,7884,3051,170,345,348,113,NA,37709,17.2921281775711,NA,NA,739,2187,0.252563226247437,0.201725316921782,2926,4815,"7%",8,NA,NA,NA,NA,NA,NA,NA,NA,NA,NA,NA,NA,NA,NA,NA,NA,NA,NA,NA,44241,8016,3051,NA,2899,491.285714285714,3835,19011,3439,166.142857142857,0.22311885539824,62157456,0.11361296101331
"47",2020-05-02,49727,8641,3339,175,353,353,131,NA,41086,17.3768777525288,NA,NA,757,3377,0.183115626511853,0.180034705485395,4134,5567,"6%",5,NA,NA,NA,NA,NA,NA,NA,NA,NA,NA,NA,NA,NA,NA,NA,NA,NA,NA,NA,47194,8817,3339,NA,2899,507,3735,20746,3549,176.285714285714,0.196843450428073,74666881,0.124521765108576
"48",2020-05-03,53186,9169,3613,184,378,378,133,NA,44017,17.2394991163088,NA,NA,528,2931,0.152645273200347,0.163094256663919,3459,5660,"7%",9,NA,NA,NA,NA,NA,NA,NA,NA,NA,NA,NA,NA,NA,NA,NA,NA,NA,NA,NA,49914,9334,3613,NA,3325,527.571428571429,3561,21834,3693,186.428571428571,0.168865059366513,84070561,0.132130547885723
"49",2020-05-04,57161,9703,3894,188,389,389,143,NA,47458,16.974860481797,NA,NA,534,3441,0.134339622641509,0.16473063973064,3975,6029,"6%",4,NA,NA,NA,NA,NA,NA,NA,NA,NA,NA,NA,NA,NA,NA,NA,NA,NA,NA,NA,53320,9931,3894,NA,3486,547.857142857143,3914,23760,3835,196.285714285714,0.165164974651391,94148209,0.13982579410352
"50",2020-05-05,60569,10111,4081,207,407,407,152,NA,50458,16.6933579884099,NA,NA,408,3000,0.119718309859155,0.144843521971785,3408,6332,"6%",19,NA,NA,NA,NA,NA,NA,NA,NA,NA,NA,NA,NA,NA,NA,NA,NA,NA,NA,NA,56419,10421,4081,NA,3572,533.571428571429,3573,24668,3735,206.714285714286,0.143914232813971,102232321,0.145705308067679
"51",2020-05-06,63171,10404,4174,219,414,413,150,NA,52767,16.4695825616185,NA,NA,293,2309,0.11260568793236,0.139316750195411,2602,6382,"6%",12,NA,NA,NA,NA,NA,NA,NA,NA,NA,NA,NA,NA,NA,NA,NA,NA,NA,NA,NA,59157,10803,4174,NA,3803,508.714285714286,3030,21749,3561,217.714285714286,0.142916527204106,108243216,0.149927606086058
"52",2020-05-07,66427,11059,4525,231,417,417,151,NA,55368,16.6483508212022,NA,NA,655,2601,0.201167076167076,0.132933104631218,3256,6562,"6%",12,NA,NA,NA,NA,NA,NA,NA,NA,NA,NA,NA,NA,NA,NA,NA,NA,NA,NA,NA,61641,11113,4525,NA,4266,559.142857142857,2790,20988,3914,229.285714285714,0.136359450687399,122301481,0.159366531690284
"53",2020-05-08,70261,11457,4785,243,407,407,164,NA,58804,16.306343490699,NA,NA,398,3436,0.103808033385498,0.129416896902719,3834,6529,"6%",12,NA,NA,NA,NA,NA,NA,NA,NA,NA,NA,NA,NA,NA,NA,NA,NA,NA,NA,NA,64027,11445,4785,NA,4685,510.428571428571,2670,20631,3573,241.142857142857,0.133514913266686,131262849,0.165101939920028
"54",2020-05-09,71476,11671,5102,252,402,402,161,NA,59805,16.3285578375958,NA,NA,214,1001,0.176131687242798,0.135189922293547,1215,6408,"6%",9,NA,NA,NA,NA,NA,NA,NA,NA,NA,NA,NA,NA,NA,NA,NA,NA,NA,NA,NA,66660,11844,5102,NA,5011,432.857142857143,2801,20719,3030,252.857142857143,0.138437469197235,136212241,0.168185802636523
"55",2020-05-10,74174,11959,5496,265,413,413,157,NA,62215,16.1229002076199,NA,NA,288,2410,0.106745737583395,0.127949263792798,2698,6540,"6%",13,NA,NA,NA,NA,NA,NA,NA,NA,NA,NA,NA,NA,NA,NA,NA,NA,NA,NA,NA,70433,12289,5496,NA,5154,398.571428571429,2885,22548,2790,265.285714285714,0.134505567232883,143017681,0.172336047787694
"56",2020-05-11,77792,12373,5900,271,394,394,152,NA,65419,15.9052344714109,NA,NA,414,3204,0.114427860696517,0.114400664713342,3618,6853,"6%",6,NA,NA,NA,NA,NA,NA,NA,NA,NA,NA,NA,NA,NA,NA,NA,NA,NA,NA,NA,71641,12491,5900,NA,5249,381.428571428571,2616,22867,2670,277.714285714286,0.121191988919305,153091129,0.178302025192502
"57",2020-05-12,81288,12912,6046,289,385,385,143,NA,68376,15.8842633599055,NA,NA,539,2957,0.154176201372998,0.111268512556343,3496,7005,"5%",18,NA,NA,NA,NA,NA,NA,NA,NA,NA,NA,NA,NA,NA,NA,NA,NA,NA,NA,NA,74325,12821,6046,NA,5618,400.142857142857,2592,23295,2801,291,0.118898302578587,166719744,0.186069324277507
"58",2020-05-13,85719,13289,6166,306,388,388,133,NA,72430,15.5029806693965,NA,NA,377,4054,0.0850823741819002,0.107033515952304,4431,7029,"6%",17,NA,NA,NA,NA,NA,NA,NA,NA,NA,NA,NA,NA,NA,NA,NA,NA,NA,NA,NA,77935,13260,6166,NA,5954,412.142857142857,2657,24824,2885,304.428571428571,0.108261830806708,176597521,0.191502110464977
"59",2020-05-14,89294,13675,6637,318,405,405,134,NA,75619,15.3145788070867,NA,NA,386,3189,0.107972027972028,0.103272336670887,3575,7126,"6%",12,NA,NA,NA,NA,NA,NA,NA,NA,NA,NA,NA,NA,NA,NA,NA,NA,NA,NA,NA,81385,13780,6637,NA,6231,373.714285714286,2692,26067,2616,316.714285714286,0.104720853106481,187005625,0.197064591813422
"60",2020-05-15,93556,14049,6986,336,387,387,130,NA,79507,15.0166745051092,NA,NA,374,3888,0.0877522290004693,0.101829941631172,4262,7152,"5%",18,NA,NA,NA,NA,NA,NA,NA,NA,NA,NA,NA,NA,NA,NA,NA,NA,NA,NA,NA,85858,14176,6986,NA,6561,370.285714285714,2582,25356,2592,328.714285714286,0.103313324921078,197374401,0.202454146280568
"61",2020-05-16,96300,14328,7308,346,385,385,128,NA,81972,14.8785046728972,NA,NA,279,2465,0.10167638483965,0.0920179095260151,2744,7055,"5%",10,NA,NA,NA,NA,NA,NA,NA,NA,NA,NA,NA,NA,NA,NA,NA,NA,NA,NA,NA,89418,14537,7308,NA,6927,379.571428571429,2384,25908,2657,339.857142857143,0.0933223147870471,205291584,0.206474696270765
"62",2020-05-17,100241,14651,7691,351,374,374,124,NA,85590,14.6157759798885,NA,NA,323,3618,0.0819588936818066,0.0916550992079693,3941,7146,"5%",5,NA,NA,NA,NA,NA,NA,NA,NA,NA,NA,NA,NA,NA,NA,NA,NA,NA,NA,NA,93700,14965,7691,NA,7154,384.571428571429,2245,24494,2692,350.857142857143,0.0924371628903288,214651801,0.211129311492391
"63",2020-05-18,103148,14955,8146,355,382,382,121,NA,88193,14.4985845581107,NA,NA,304,2603,0.104575163398693,0.0885495590006605,2907,7276,"5%",4,NA,NA,NA,NA,NA,NA,NA,NA,NA,NA,NA,NA,NA,NA,NA,NA,NA,NA,NA,96453,15227,8146,NA,7324,368.857142857143,2279,25737,2582,363,0.0894658875902864,223652025,0.215510125818627
"64",2020-05-19,107196,15296,8366,367,383,383,126,NA,91900,14.2691891488488,NA,NA,341,3707,0.0842391304347826,0.0913055223247019,4048,7082,"5%",12,NA,NA,NA,NA,NA,NA,NA,NA,NA,NA,NA,NA,NA,NA,NA,NA,NA,NA,NA,100374,15546,8366,NA,7847,340.571428571429,2366,25913,2384,374.857142857143,0.0917692291114323,233967616,0.220424131362201
"65",2020-05-20,110213,15534,8519,383,381,381,126,NA,94679,14.0945260540953,NA,NA,238,2779,0.0788863109048724,0.0913825402772574,3017,6915,"6%",16,NA,NA,NA,NA,NA,NA,NA,NA,NA,NA,NA,NA,NA,NA,NA,NA,NA,NA,NA,103265,15815,8519,NA,8236,320.714285714286,2439,26690,2245,388.857142857143,0.0915256882739913,241305156,0.223853847841294
"66",2020-05-21,115031,15954,8952,403,376,376,125,NA,99077,13.8693047960984,NA,NA,420,4398,0.087173100871731,0.0937431394072448,4818,7046,"5%",20,NA,NA,NA,NA,NA,NA,NA,NA,NA,NA,NA,NA,NA,NA,NA,NA,NA,NA,NA,106564,16091,8952,NA,8505,325.571428571429,2562,27330,2279,402.857142857143,0.0937256542216522,254530116,0.229906288686752
"67",2020-05-22,119469,16415,9287,419,362,362,123,NA,103054,13.7399660162887,NA,NA,461,3977,0.10387561964849,0.089097383920011,4438,7162,"5%",16,NA,NA,NA,NA,NA,NA,NA,NA,NA,NA,NA,NA,NA,NA,NA,NA,NA,NA,NA,109427,16326,9287,NA,8834,338,2602,29204,2366,417.285714285714,0.0890651272485399,269452225,0.236549563043314
"68",2020-05-23,122990,16767,9569,444,262,262,109,NA,106223,13.6328156760712,NA,NA,352,3169,0.0999715989775632,0.0850336464068516,3521,7136,"4%",25,NA,NA,NA,NA,NA,NA,NA,NA,NA,NA,NA,NA,NA,NA,NA,NA,NA,NA,NA,114060,16709,9569,NA,9187,348.428571428571,2363,27789,2885,431.428571428571,0.0825651201716161,281132289,0.241622084894746
"69",2020-05-23,127571,17213,9933,449,363,363,114,NA,110358,13.4928784755156,NA,NA,446,4135,0.0973586553154333,0.0946310116086236,4581,6831,"5%",5,NA,NA,NA,NA,NA,NA,NA,NA,NA,NA,NA,NA,NA,NA,NA,NA,NA,NA,NA,118622,17133,9933,NA,9216,366,2739,28944,2885,446.428571428571,0.0923201643746319,296287369,0.248049200649684
"70",2020-05-24,132352,17557,10338,456,377,377,118,NA,114795,13.2653832205029,NA,NA,344,4437,0.0719514745869065,0.0933675338951997,4781,6763,"6%",7,NA,NA,NA,NA,NA,NA,NA,NA,NA,NA,NA,NA,NA,NA,NA,NA,NA,NA,NA,123410,17614,10338,NA,9341,371.714285714286,2548,27290,2906,460.285714285714,0.0902063982938048,308248249,0.253006437913583
"71",2020-05-25,134985,17659,10518,466,379,379,115,NA,117326,13.0821943178872,NA,NA,102,2531,0.038739080896316,0.088674177422965,2633,6675,"6%",10,NA,NA,NA,NA,NA,NA,NA,NA,NA,NA,NA,NA,NA,NA,NA,NA,NA,NA,NA,126509,17899,10518,NA,9442,337.571428571429,2377,26806,2704,474.714285714286,0.0858446597256232,311840281,0.254476316404623
"72",2020-05-26,139157,18273,10679,488,393,393,109,NA,120884,13.1312115093024,NA,NA,614,3558,0.147171620325983,0.0873156342182891,4172,7106,"6%",22,NA,NA,NA,NA,NA,NA,NA,NA,NA,NA,NA,NA,NA,NA,NA,NA,NA,NA,NA,131452,18289,10679,NA,9929,391.285714285714,2368,27120,2977,486.571428571429,0.084340056183848,333902529,0.263324408497745
"73",2020-05-27,142321,18502,10905,500,383,383,112,NA,123819,13.0001897119891,NA,NA,229,2935,0.0723767383059419,0.0802278498387207,3164,7097,"5%",12,NA,NA,NA,NA,NA,NA,NA,NA,NA,NA,NA,NA,NA,NA,NA,NA,NA,NA,NA,134069,18461,10905,NA,10148,364,2338,29142,2968,498.714285714286,0.079431914840134,342324004,0.266624429815864
"74",2020-05-28,146275,18792,11445,520,376,376,117,NA,127483,12.8470346949239,NA,NA,290,3664,0.073343449671219,0.079101707498144,3954,6827,"6%",20,NA,NA,NA,NA,NA,NA,NA,NA,NA,NA,NA,NA,NA,NA,NA,NA,NA,NA,NA,138465,19253,11445,NA,10570,339.571428571429,2131,26940,2838,510.428571428571,0.0767418991663052,353139264,0.270803496113918
"75",2020-05-29,150110,19135,11872,527,368,368,118,NA,130975,12.7473186330025,NA,NA,343,3492,0.0894393741851369,0.0792506210322937,3835,6736,"5%",7,69,NA,NA,59,NA,NA,6,NA,NA,4,NA,NA,NA,NA,NA,NA,NA,NA,NA,141631,19490,11872,NA,10902,338.285714285714,2297,28984,2720,523.857142857143,0.0793937003406822,366148225,0.275746322804375
"76",2020-05-30,156713,19551,12275,534,341,341,116,NA,137162,12.4756720884675,NA,NA,416,6187,0.0630016659094351,0.0660033632286996,6603,6742,"5%",7,70,NA,NA,59,NA,NA,6,NA,NA,5,NA,NA,NA,NA,NA,NA,NA,NA,NA,145207,19719,12275,NA,11111,334,1884,28544,2338,535,0.0660632575655878,382241601,0.281741121356067
"77",2020-06-01,159292,19688,12784,538,339,339,125,NA,139604,12.359691635487,NA,NA,137,2442,0.0531213648701047,0.0692951015531661,2579,6366,"5%",4,70,NA,NA,59,NA,NA,6,NA,NA,5,NA,NA,NA,NA,NA,NA,NA,NA,NA,148979,20020,12784,NA,11185,304.428571428571,2204,31806,2029,546.285714285714,0.0679286054746629,387617344,0.283715369917561
"78",2020-06-02,163969,19956,13025,560,327,NA,114,NA,144013,12.1705932218895,NA,NA,268,4409,0.0573016891169553,0.0686920485376107,4677,6371,"5%",22,69,NA,NA,59,NA,NA,6,NA,NA,4,NA,NA,NA,NA,NA,NA,NA,NA,NA,154204,20367,13025,NA,11604,328.142857142857,2304,33541,1683,556.428571428571,0.067244305316976,398241936,0.287577403599901
"79",2020-06-03,167701,20157,13243,566,314,NA,116,NA,147544,12.0196063231585,NA,NA,201,3531,0.0538585209003215,0.0668621530600395,3732,6348,"5%",6,69,NA,NA,59,NA,NA,6,NA,NA,4,NA,NA,NA,NA,NA,NA,NA,NA,NA,158728,20633,13243,NA,11925,269.142857142857,2303,34444,1655,566.428571428571,0.0647790169225607,406304649,0.290473928861656
"80",2020-06-04,174127,20706,13650,579,310,NA,105,NA,153421,11.8913207027055,NA,NA,549,5877,0.0854341736694678,0.0667392557484148,6426,6477,"5%",13,70,NA,NA,61,NA,NA,6,NA,NA,3,NA,NA,NA,NA,NA,NA,NA,NA,NA,163773,20964,13650,NA,12183,314.857142857143,2084,31226,1914,576.428571428571,0.0640927692288094,428738436,0.298385333681076
"81",2020-06-05,179816,21096,14027,591,299,NA,102,NA,158720,11.7319927036526,NA,NA,390,5299,0.0685533485674108,0.0662843900410007,5689,6478,"5%",12,71,NA,NA,61,NA,NA,6,NA,NA,4,NA,NA,NA,NA,NA,NA,NA,NA,NA,167899,21246,14027,NA,12490,329.142857142857,2231,33658,1961,586.142857142857,0.0646004762914403,445041216,0.304005457323287
"82",2020-06-06,184554,21438,14398,597,288,NA,92,NA,163116,11.6161123573588,NA,NA,342,4396,0.0721823554242296,0.0666147253603428,4738,6443,"4%",6,71,NA,NA,61,NA,NA,6,NA,NA,4,NA,NA,NA,NA,NA,NA,NA,NA,NA,171630,21468,14398,NA,12673,329,2223,33371,1887,595,0.0648753082073715,459587844,0.308933873440303
"83",2020-06-07,187939,21635,14733,604,269,NA,86,NA,166304,11.511713907172,NA,NA,197,3188,0.0581979320531758,0.0658298226005216,3385,6298,"4%",7,71,NA,NA,61,NA,NA,6,NA,NA,4,NA,NA,NA,NA,NA,NA,NA,NA,NA,178589,21857,14733,NA,12797,297.714285714286,2297,34893,2084,604,0.0646585300027304,468073225,0.311772756408291
"84",2020-06-08,192950,21919,15165,606,265,NA,85,NA,171031,11.3599378077222,NA,NA,284,4727,0.0566753143085213,0.0631339204372912,5011,6148,"4%",2,74,NA,NA,61,NA,NA,6,NA,NA,7,NA,NA,NA,NA,NA,NA,NA,NA,NA,184105,22227,15165,NA,12844,318.714285714286,2079,32930,2231,612.428571428571,0.0630486994247453,480442561,0.315865359265696
"85",2020-06-09,197340,22179,15352,622,255,NA,82,NA,175161,11.2389784128915,NA,NA,260,4130,0.0592255125284738,0.0627063706037382,4390,6205,"4%",16,74,NA,NA,63,NA,NA,6,NA,NA,5,NA,NA,NA,NA,NA,NA,NA,NA,NA,186560,22349,15352,NA,13244,317.571428571429,2070,33011,2223,619.571428571429,0.0626883918923372,491908041,0.319612108360504
"86",2020-06-10,202594,22454,15483,629,245,NA,73,NA,180140,11.083250244331,NA,NA,275,4979,0.052341073467834,0.0614137069115852,5254,6342,"4%",7,74,NA,NA,63,NA,NA,6,NA,NA,5,NA,NA,NA,NA,NA,NA,NA,NA,NA,191575,22615,15483,NA,13532,328.142857142857,2113,34406,2297,627.142857142857,0.0613445055207922,504182116,0.323575016056934
"87",2020-06-11,207057,22785,15906,638,242,NA,75,NA,184272,11.0042162303134,NA,NA,331,4132,0.0741653596235716,0.0611044548524126,4463,6241,"4%",9,74,NA,NA,64,NA,NA,6,NA,NA,4,NA,NA,NA,NA,NA,NA,NA,NA,NA,196354,22916,15906,NA,13806,297,2244,36724,2079,633.857142857143,0.061246742275902,519156225,0.328344915866093
"88",2020-06-12,212827,23166,16256,641,225,NA,81,NA,189661,10.8848971230154,NA,NA,381,5389,0.0660311958405546,0.0615804289155228,5770,6269,"4%",3,74,NA,NA,65,NA,NA,6,NA,NA,3,NA,NA,NA,NA,NA,NA,NA,NA,NA,201690,23221,16256,NA,14058,295.714285714286,2122,34459,2070,640.571428571429,0.0615781118997081,536663556,0.33383534434733
"89",2020-06-13,218960,23551,16599,650,200,NA,76,NA,195409,10.7558458165875,NA,NA,385,5748,0.0627751508234143,0.0602010752361571,6133,6302,"3%",9,74,NA,NA,65,NA,NA,6,NA,NA,3,NA,NA,NA,NA,NA,NA,NA,NA,NA,206070,23472,16599,NA,14301,301.857142857143,1982,32923,2113,646.142857142857,0.0591239316636352,554649601,0.339383415122333
"90",2020-06-14,224663,23879,16913,651,203,77,77,NA,200784,10.6288084820375,NA,NA,328,5375,0.0575135893389444,0.0605136587972714,5703,6315,"3%",1,74,NA,NA,65,NA,NA,6,NA,NA,3,NA,NA,NA,NA,NA,NA,NA,NA,NA,211534,23802,16913,NA,14359,320.571428571429,1925,31811,2244,652.142857142857,0.0591654324464258,570206641,0.344110083211167
"91",2020-06-15,227409,24041,17270,653,197,NA,71,NA,203368,10.5717012079557,NA,NA,162,2584,0.0589949016751639,0.0599280862964443,2746,6118,"3%",2,74,NA,NA,66,NA,NA,6,NA,NA,2,NA,NA,NA,NA,NA,NA,NA,NA,NA,217163,24114,17270,NA,14431,303.142857142857,1950,32539,2122,657.714285714286,0.0583675575033661,577969681,0.3464445961087
"92",2020-06-16,230263,24161,17432,661,193,NA,71,NA,206102,10.4927843379093,NA,NA,120,2734,0.0420462508759636,0.0604295707374195,2854,6068,"3%",8,74,NA,NA,66,NA,NA,6,NA,NA,2,NA,NA,NA,NA,NA,NA,NA,NA,NA,222351,24388,17432,NA,14798,283.142857142857,1961,32451,1982,663.285714285714,0.0587902141442363,583753921,0.348173864921688
"93",2020-06-17,234405,24379,17586,671,188,NA,64,NA,210026,10.4003754186131,NA,NA,218,3924,0.0526315789473684,0.0619234965451119,4142,6122,"3%",10,75,NA,NA,66,NA,NA,6,NA,NA,3,NA,NA,NA,NA,NA,NA,NA,NA,NA,225799,24538,17586,NA,15155,275,1873,30247,1925,667.714285714286,0.0606211574018738,594335641,0.35131536993195
"94",2020-06-18,239596,24735,18022,677,176,NA,63,NA,214861,10.323628107314,NA,NA,356,4835,0.0685802350221537,0.0614917794222374,5191,6036,"3%",6,81,NA,NA,66,NA,NA,6,NA,NA,9,NA,NA,NA,NA,NA,NA,NA,NA,NA,228972,24672,18022,NA,15417,278.571428571429,1986,32297,1950,672.571428571429,0.0605308171069679,611820225,0.356445534077148
"95",2020-06-19,245278,25127,18352,680,197,NA,60,NA,220151,10.244294229405,NA,NA,392,5290,0.0689897923266456,0.0635267306048808,5682,6095,"3%",3,81,NA,NA,66,NA,NA,6,NA,NA,9,NA,NA,NA,NA,NA,NA,NA,NA,NA,232580,24823,18352,NA,15674,280.142857142857,2007,31593,1961,677.285714285714,0.064905548517302,631366129,0.362094478866242
"96",2020-06-20,249207,25424,18741,681,182,NA,58,NA,223783,10.2019606190837,NA,NA,297,3632,0.0755917536268771,0.064172695723781,3929,6002,"3%",1,81,NA,NA,68,NA,NA,6,NA,NA,7,NA,NA,NA,NA,NA,NA,NA,NA,NA,238178,25153,18741,NA,15904,267.571428571429,2182,34002,1873,681.142857142857,0.0669063243279424,646379776,0.366374419178387
"97",2020-06-21,256960,25865,19086,685,170,NA,53,NA,231095,10.0657689912827,NA,NA,441,7312,0.0568812072746034,0.0652953276520717,7753,6094,"3%",4,82,NA,NA,68,NA,NA,6,NA,NA,8,NA,NA,NA,NA,NA,NA,NA,NA,NA,243014,25459,19086,NA,16018,283.714285714286,2222,34030,1986,683.857142857143,0.0682261707064787,668998225,0.372729482066118
"98",2020-06-22,259002,26048,19466,686,169,NA,51,NA,232954,10.0570651964078,NA,NA,183,1859,0.0896180215475025,0.0649165876248396,2042,5896,"3%",1,82,NA,NA,68,NA,NA,6,NA,NA,8,NA,NA,NA,NA,NA,NA,NA,NA,NA,249270,25902,19466,NA,16101,286.714285714286,2327,35846,2007,686.285714285714,0.0678277587755478,678498304,0.375366617005924
"99",2020-06-23,264265,26343,19713,688,163,NA,47,NA,237922,9.96840292887821,NA,NA,295,4968,0.0560516815504465,0.0671111715879712,5263,5942,"3%",2,82,NA,NA,68,NA,NA,6,NA,NA,8,NA,NA,NA,NA,NA,NA,NA,NA,NA,252919,26065,19713,NA,16398,311.714285714286,2466,36745,2182,689.428571428571,0.0694987635446525,693953649,0.379617736171187
"100",2020-06-24,268435,26601,19954,690,140,NA,43,NA,241834,9.90966155680146,NA,NA,258,3912,0.0618705035971223,0.0643507242661197,4170,5957,"2%",2,85,NA,NA,69,NA,NA,6,NA,NA,10,NA,NA,NA,NA,NA,NA,NA,NA,NA,258299,26418,19954,NA,16727,317.428571428571,2510,39005,2222,692.714285714286,0.0665710493236442,707613201,0.383335664119111
"101",2020-06-25,275442,27062,20260,694,137,NA,42,NA,248380,9.82493592117397,NA,NA,461,6546,0.0657913515056372,0.0670687885010267,7007,6108,"2%",4,85,NA,NA,70,NA,NA,6,NA,NA,9,NA,NA,NA,NA,NA,NA,NA,NA,NA,262529,26618,20260,NA,16926,332.428571428571,2613,38960,2327,695.428571428571,0.0685274518428702,732351844,0.389978938475673
"102",2020-06-26,282023,27593,20655,702,141,NA,42,NA,254430,9.78395379100286,NA,NA,531,6050,0.0806868257103784,0.064848557982382,6581,6236,"2%",8,85,NA,NA,70,NA,NA,6,NA,NA,9,NA,NA,NA,NA,NA,NA,NA,NA,NA,266597,26854,20655,NA,17206,352.285714285714,2687,41435,2466,698.428571428571,0.0638529016252773,761373649,0.397630952973145
"103",2020-06-27,288212,27934,20893,704,131,NA,40,NA,260278,9.69217104076166,NA,NA,341,5848,0.055097754079819,0.0658314350797266,6189,6337,"2%",2,85,NA,NA,70,NA,NA,6,NA,NA,9,NA,NA,NA,NA,NA,NA,NA,NA,NA,272740,27239,20893,NA,17436,358.571428571429,2601,39510,2510,702,0.0647901389352409,780308356,0.402544958516719
"104",2020-06-28,295920,28478,21195,704,118,NA,36,NA,267442,9.6235469045688,NA,NA,544,7164,0.0705760249091853,0.0682320785190707,7708,6579,"2%",0,85,NA,NA,70,NA,NA,6,NA,NA,9,NA,NA,NA,NA,NA,NA,NA,NA,NA,279856,27682,21195,NA,17573,373.285714285714,2746,40245,2613,705.857142857143,0.0676887898703251,810996484,0.410384310468931
"105",2020-06-29,300437,28735,21585,707,119,NA,35,NA,271702,9.56440118893478,NA,NA,257,4260,0.0568961700243524,0.0731879989258599,4517,6443,"2%",3,85,NA,NA,70,NA,NA,6,NA,NA,9,NA,NA,NA,NA,NA,NA,NA,NA,NA,286241,28071,21585,NA,17758,383.857142857143,2998,40963,2687,709.142857142857,0.0714754160306386,825700225,0.414087827843414
"106",2020-06-30,303775,28944,21829,713,133,NA,34,NA,274831,9.52810468274216,NA,NA,209,3129,0.0626123427201917,0.0710007454821213,3338,6402,"2%",6,87,NA,NA,78,NA,NA,6,NA,NA,3,NA,NA,NA,NA,NA,NA,NA,NA,NA,292644,28438,21829,NA,23078,371.571428571429,2762,38901,2601,711.714285714286,0.0692744308131379,837755136,0.417099637692701
"107",2020-07-01,308680,29347,22052,717,149,NA,37,NA,279333,9.50725670597382,NA,NA,403,4502,0.0821610601427115,0.0752190111771221,4905,6578,"2%",4,88,50,2118,78,NA,NA,6,NA,NA,4,NA,NA,NA,NA,NA,NA,NA,NA,NA,297214,28677,22052,NA,23503,392.285714285714,2988,39724,2746,714.142857142857,0.0729549488718191,861246409,0.422907098789652
"108",2020-07-02,316405,30060,22436,717,145,NA,36,NA,286345,9.50048197721275,NA,NA,713,7012,0.0922977346278317,0.0763938774382494,7725,6907,"2%",0,90,52,2158,79,NA,NA,6,NA,NA,5,NA,NA,NA,NA,NA,NA,NA,NA,NA,302720,28964,22436,NA,23916,428.285714285714,2765,36194,2998,716.571428571429,0.0738485195457377,903603600,0.433181837653489
"109",2020-07-03,320924,30355,22791,720,146,NA,40,NA,290569,9.45862571823859,NA,NA,295,4224,0.0652799291878734,0.0827971314379659,4519,6844,"2%",3,91,55,2185,79,NA,NA,6,NA,NA,6,NA,NA,NA,NA,NA,NA,NA,NA,NA,NA,NA,22791,NA,24243,394.571428571429,2921,35279,2762,718.571428571429,0.0821002842626522,921426025,0.437432956818751
"110",2020-07-04,327936,30922,23120,721,134,NA,40,NA,297014,9.42927888368462,NA,NA,567,6445,0.0808613804905876,0.0846448319863888,7012,7081,"2%",1,92,56,2247,79,NA,NA,6,NA,NA,7,NA,NA,NA,NA,NA,NA,NA,NA,NA,NA,NA,23120,NA,24526,426.857142857143,2985,35265,2988,720.285714285714,0.084888515859613,956170084,0.44560375196012
"111",2020-07-05,332114,31243,23576,721,141,NA,43,NA,300871,9.4073119471025,NA,NA,321,3857,0.0768310196266156,0.0837011789685422,4178,6946,"2%",0,93,57,2279,79,NA,NA,6,NA,NA,8,NA,NA,NA,NA,NA,NA,NA,NA,NA,NA,NA,23576,NA,24671,395,2996,35794,2765,722.428571428571,0.0840350745426275,976125049,0.450229546034862
"112",2020-07-06,335716,31656,23862,721,151,NA,41,NA,304060,9.42939865838983,NA,NA,413,3189,0.114658523042754,0.0826867594745245,3602,7073,"2%",0,93,60,2303,78,NA,NA,6,NA,NA,9,NA,NA,NA,NA,NA,NA,NA,NA,NA,NA,NA,23862,NA,24958,417.285714285714,2952,35701,2921,725.571428571429,0.0833721456964233,1002102336,0.456181112866229
"113",2020-07-07,339040,31929,24045,725,165,NA,44,NA,307111,9.41747286455875,NA,NA,273,3051,0.082129963898917,0.0843334655822258,3324,7159,"2%",4,95,60,2306,80,NA,NA,6,NA,NA,9,NA,NA,NA,NA,NA,NA,NA,NA,NA,NA,NA,24045,NA,25415,426.428571428571,3401,40328,2985,728.714285714286,0.0856674468061623,1019461041,0.460115199415777
"114",2020-07-08,344474,32343,24235,732,165,NA,44,NA,312131,9.38909758065921,NA,NA,414,5020,0.076186970923813,0.0896805896805897,5434,7376,"2%",7,97,61,2332,80,NA,NA,7,NA,NA,10,NA,NA,NA,NA,NA,NA,NA,NA,NA,NA,NA,24235,NA,25868,428,3577,39886,2996,732.571428571429,0.0902715070404924,1046069649,0.466081176820586
"115",2020-07-09,352106,33012,24651,739,168,NA,49,NA,319094,9.37558576110603,NA,NA,669,6963,0.0876572327044025,0.0880266023464394,7632,7622,"2%",7,102,62,2373,80,NA,NA,7,NA,NA,15,NA,NA,NA,NA,NA,NA,NA,NA,NA,NA,NA,24651,NA,26232,421.714285714286,3759,42703,2952,736.571428571429,0.0895682908189428,1089792144,0.475721850452994
"116",2020-07-10,361252,33756,25051,742,169,NA,54,NA,327496,9.34416972085968,NA,NA,744,8402,0.0813470369560464,0.0918075050128903,9146,7963,"2%",3,105,63,2413,79,NA,NA,7,NA,NA,19,NA,NA,NA,NA,NA,NA,NA,NA,NA,NA,NA,25051,NA,25750,485.857142857143,3846,41892,3401,741.142857142857,0.0987809673909688,1139467536,0.486443317093519
"117",2020-07-11,367822,34499,26081,748,178,NA,56,NA,333323,9.37926497055641,NA,NA,743,5827,0.113089802130898,0.0923116969166331,6570,7670,"2%",6,109,64,2464,79,NA,NA,7,NA,NA,23,NA,NA,NA,NA,NA,NA,NA,NA,NA,NA,NA,25371,NA,26081,511,3901,42259,3577,745.428571428571,0.0997430877319178,1190181001,0.497150373160603
"118",2020-07-12,374817,35002,26206,749,177,NA,54,NA,339815,9.3384238174896,NA,NA,503,6492,0.0719085060757684,0.091658186691817,6995,8047,"2%",1,112,70,2510,79,52,1882,7,2,59,26,16,569,NA,NA,NA,NA,NA,NA,NA,NA,NA,NA,NA,NA,537,3693,40291,3759,749.285714285714,0.097349878547929,1225140004,0.504398891601711
"119",2020-07-13,377608,35502,26605,753,173,NA,63,NA,342106,9.40181352089998,NA,NA,500,2291,0.179147259046937,0.0912855952555997,2791,8144,"2%",4,116,70,2527,79,54,1895,7,2,59,30,14,573,NA,NA,NA,NA,NA,NA,NA,NA,NA,NA,NA,NA,549.428571428571,3725,40806,3846,754.714285714286,0.0971194085266632,1260392004,0.511604178322494
"120",2020-07-14,381299,35830,26899,755,186,NA,67,NA,345469,9.39682506379508,NA,NA,328,3363,0.0888648062855595,0.0924329501915709,3691,8176,"2%",2,116,71,2539,79,55,1898,7,2,59,30,14,582,NA,NA,NA,NA,NA,NA,NA,NA,NA,NA,NA,NA,557.285714285714,3860,41760,3901,760.428571428571,0.0979312179572704,1283788900,0.516330846411328
"121",2020-07-15,384765,36036,27102,759,190,NA,62,NA,348729,9.36571673618962,NA,NA,206,3260,0.0594345066358915,0.0948083778966132,3466,8175,"2%",4,116,71,2551,79,55,1898,7,2,59,30,14,594,NA,NA,NA,NA,NA,NA,NA,NA,NA,NA,NA,NA,527.571428571429,3404,35904,3693,765.714285714286,0.139198501126246,1298593296,0.519299424540291
"122",2020-07-16,392912,36737,27353,777,195,NA,65,NA,356175,9.34993077330293,NA,NA,701,7446,0.0860439425555419,0.0897681451612903,8147,8607,"2%",18,125,74,2582,79,56,1907,7,2,60,39,16,615,NA,NA,NA,NA,NA,NA,NA,NA,NA,NA,NA,NA,532.142857142857,3562,39680,3725,771.857142857143,0.1376927844672,1349607169,0.529401236522829
"123",2020-07-17,403012,37616,27551,782,210,NA,70,NA,365396,9.33371711016049,NA,NA,879,9221,0.087029702970297,0.0817350392472215,10100,9283,"2%",5,131,78,2644,79,59,1916,7,2,60,45,17,668,NA,NA,NA,NA,NA,NA,NA,NA,NA,NA,NA,NA,551.428571428571,3405,41659,3860,777.571428571429,0.122372855576697,1414963456,0.542068130577966
"124",2020-07-18,403726,37903,27800,785,210,NA,70,NA,365823,9.38829800409188,NA,NA,287,427,0.401960784313726,0.0856113735031726,714,9318,"2%",3,131,80,2650,79,59,1921,7,2,60,45,19,669,NA,NA,NA,NA,NA,NA,NA,NA,NA,NA,NA,NA,486.285714285714,3589,41922,3404,783.714285714286,0.128176329669727,1436637409,0.546203965155695
"125",2020-07-19,414497,38564,27875,792,214,NA,75,NA,375933,9.30380678267877,NA,NA,661,10110,0.0613684894624455,0.0870824931043275,10771,9897,"2%",7,135,80,2683,79,63,1930,7,2,60,49,15,693,NA,NA,NA,NA,NA,NA,NA,NA,NA,NA,NA,NA,508.857142857143,3757,43143,3562,790.714285714286,0.131084997029219,1487182096,0.555729354200571
"126",2020-07-20,419267,38907,27950,793,221,NA,76,NA,380360,9.2797668311601,NA,NA,343,4427,0.0719077568134172,0.0860754871982109,4770,10164,"2%",1,135,81,2694,79,64,1932,7,2,60,49,15,702,NA,NA,NA,NA,NA,NA,NA,NA,NA,NA,NA,NA,486.428571428571,3772,43822,3405,796.142857142857,0.130382141229873,1513754649,0.560672180891028
"127",2020-07-21,423221,39419,28307,798,223,NA,74,23,383802,9.31404632567855,NA,NA,512,3442,0.129489124936773,0.0874385524526723,3954,10314,"2%",5,140,84,2707,79,65,1934,7,2,60,54,17,713,39,12,6,NA,NA,NA,NA,NA,NA,NA,NA,NA,512.714285714286,3344,38244,3589,801.571428571429,0.132197130904743,1553857561,0.56805039449311
"128",2020-07-22,427908,39793,28607,808,224,NA,71,29,388115,9.29942884919188,NA,NA,374,4313,0.0797951781523362,0.0855829982768524,4687,10378,"2%",10,143,85,2724,79,65,1951,7,2,61,57,18,712,43,14,6,2,NA,NA,NA,NA,NA,NA,NA,NA,536.714285714286,3725,43525,3757,807.428571428571,0.0906921886442688,1583482849,0.573439948960256
"129",2020-07-23,436734,40509,28863,815,232,NA,73,33,396225,9.27543997032519,NA,NA,716,8110,0.0811239519601178,0.0937024972855592,8826,10831,"2%",7,151,88,2766,79,67,1965,7,2,61,65,19,740,40,15,2,5,NA,NA,NA,NA,NA,NA,NA,NA,538.857142857143,3452,36840,3772,812.285714285714,0.0954907465093288,1640979081,0.583757919544418
"130",2020-07-24,441256,40960,29148,820,230,NA,72,28,400296,9.28259332451004,NA,NA,451,4071,0.099734630694383,0.0963805867836578,4522,10992,"2%",5,154,88,2783,79,70,1978,7,2,61,68,16,744,43,13,12,9,NA,NA,NA,NA,NA,NA,NA,NA,477.714285714286,3515,36470,3344,817.428571428571,0.098400028003516,1677721600,0.590257088166564
"131",2020-07-25,447251,41628,29462,826,220,NA,72,30,405623,9.30752530458289,NA,NA,668,5327,0.111426188490409,0.0933063450563661,5995,11340,"2%",6,163,92,2827,79,75,2022,7,2,61,77,15,744,45,15,6,4,NA,NA,NA,NA,NA,NA,NA,NA,532.142857142857,3319,35571,3725,822.857142857143,0.0946782942330301,1732890384,0.599883351225531
"132",2020-07-26,451337,42016,29604,826,226,NA,77,34,409321,9.30923013180838,NA,NA,388,3698,0.0949583945178659,0.0943532283115154,4086,11586,"2%",0,166,95,2841,79,78,2022,7,2,61,80,15,758,51,15,9,3,NA,NA,NA,NA,NA,NA,NA,NA,493.142857142857,3402,36056,3452,828,0.095901897663483,1765344256,0.605474653720859
"133",2020-07-27,455737,42422,29727,829,241,NA,78,30,413315,9.30843885837665,NA,NA,406,3994,0.0922727272727273,0.0981144719607664,4400,11866,"2%",3,164,97,2853,79,78,2028,7,2,61,78,17,764,56,12,7,2,NA,NA,NA,NA,NA,NA,NA,NA,502.142857142857,3221,32829,3515,833.571428571429,0.0979631584237029,1799626084,0.611325346538134
"134",2020-07-28,458792,42738,30476,836,253,NA,75,30,416054,9.31533243822909,NA,NA,316,2739,0.103436988543372,0.10262550743261,3055,11426,"2%",7,167,99,2870,80,81,2038,7,2,62,80,16,770,52,11,5,9,NA,NA,NA,NA,NA,NA,NA,NA,474.142857142857,3514,34241,3319,840,0.101626664164459,1826536644,0.615879087745669
"135",2020-07-29,463964,43195,31214,844,246,NA,76,23,420769,9.30998956815615,NA,NA,457,4715,0.0883604021655066,0.0997467896545487,5172,11137,"2%",8,170,100,2898,84,81,2082,7,2,62,79,17,754,56,15,5,1,NA,NA,NA,NA,NA,NA,NA,NA,486,3309,33174,3402,846.571428571429,0.0991304832483896,1865808025,0.622464719808465
"136",2020-07-30,469563,43730,31736,854,237,NA,76,33,425833,9.31291434802146,NA,NA,535,5064,0.0955527772816574,0.100431996752776,5599,11140,"2%",10,175,102,2919,88,83,2143,7,2,62,80,17,714,52,14,7,11,NA,NA,NA,NA,NA,NA,NA,NA,460.142857142857,3464,34491,3221,853.428571428571,0.0999221015139027,1912312900,0.630174376599703
"137",2020-07-31,475497,44474,32495,865,225,NA,71,31,431023,9.3531610083765,NA,NA,744,5190,0.125379170879676,0.103700503070893,5934,11114,"2%",11,179,106,2953,88,83,2181,7,2,62,84,21,710,54,14,5,3,NA,NA,NA,NA,NA,NA,NA,NA,502,3360,32401,3514,860.428571428571,0.105416844865789,1977936676,0.640895843240229
"138",2020-08-01,480425,44937,32802,872,242,NA,77,36,435488,9.35359317271166,NA,NA,463,4465,0.0939529220779221,0.0978966110390198,4928,11263,"2%",7,182,111,2971,90,89,2246,7,2,62,85,20,663,54,18,9,9,NA,NA,NA,NA,NA,NA,NA,NA,472.714285714286,3244,33137,3309,867.428571428571,0.0981767791625097,2019333969,0.647567938743674
"139",2020-08-02,485828,45480,32917,874,231,NA,75,28,440348,9.36133775739562,NA,NA,543,4860,0.100499722376458,0.09685091522158,5403,11689,"2%",2,187,111,2987,91,92,2253,7,2,62,89,17,672,51,16,7,10,NA,NA,NA,NA,NA,NA,NA,NA,494.857142857143,3217,33216,3464,874.428571428571,0.0972523165629755,2068430400,0.655392880122445
"140",2020-08-03,488138,45782,33102,878,241,NA,78,27,442356,9.37890514567602,NA,NA,302,2008,0.130735930735931,0.0964979175221447,2310,11802,"2%",4,187,113,2998,92,94,2260,7,2,62,88,17,676,57,18,7,1,NA,NA,NA,NA,NA,NA,NA,NA,480,3290,34094,3360,881.857142857143,0.0970120082532798,2095991524,0.659744873301798
"141",2020-08-04,491929,45982,33923,885,243,NA,75,24,445947,9.34728385600361,NA,NA,200,3591,0.0527565286204168,0.0929050678087081,3791,11174,"2%",7,189,114,3007,93,96,2326,7,2,62,89,16,619,51,14,6,12,NA,NA,NA,NA,NA,NA,NA,NA,463.428571428571,3254,35025,3244,888.571428571429,0.0938338164295574,2114344324,0.662626987990111
"142",2020-08-05,497180,46412,34659,893,248,NA,77,44,450768,9.33504968019631,NA,NA,430,4821,0.0818891639687679,0.093310997472521,5251,10860,"2%",8,193,115,3031,103,97,2376,7,2,62,83,16,593,54,14,8,5,NA,NA,NA,NA,NA,NA,NA,NA,459.571428571429,3175,34026,3217,896.142857142857,0.0943740836424376,2154073744,0.668823534569985
"143",2020-08-06,503657,47020,35468,906,237,NA,68,28,456637,9.33571855449244,NA,NA,608,5869,0.0938706191137872,0.0914665016594476,6477,10646,"2%",13,199,118,3060,106,101,2419,7,2,62,86,15,579,56,15,9,7,NA,NA,NA,NA,NA,NA,NA,NA,470,3252,35554,3290,904.142857142857,0.0927960063542453,2210880400,0.677585163222457
"144",2020-08-07,510522,47728,36248,912,223,NA,65,33,462794,9.34886253677608,NA,NA,708,6157,0.10313182811362,0.0899133836267114,6865,10568,"2%",6,206,119,3088,108,103,2456,7,2,63,91,14,569,53,13,9,12,NA,NA,NA,NA,NA,NA,NA,NA,464.857142857143,3218,35790,3254,911.714285714286,0.0891570388055033,2277961984,0.687787849219086
"145",2020-08-08,514451,48112,36850,925,229,NA,58,33,466339,9.3521054483323,NA,NA,384,3545,0.0977347925680835,0.0945223384030418,3929,10337,"2%",13,213,119,3100,109,104,2485,7,2,66,97,13,549,50,11,7,10,NA,NA,NA,NA,NA,NA,NA,NA,453.571428571429,3182,33664,3175,918.857142857143,0.0956916059309436,2314764544,0.693321509420648
"146",2020-08-09,521382,48732,37086,930,221,NA,57,32,472650,9.34669781465413,NA,NA,620,6311,0.0894531813591112,0.0958829902491874,6931,10716,"2%",5,226,121,3120,111,104,2491,7,2,66,108,15,563,48,12,10,12,NA,NA,NA,NA,NA,NA,NA,NA,464.571428571429,3186,33228,3252,926.428571428571,0.0968695817651042,2374807824,0.702256064954419
"147",2020-08-10,523928,49000,37247,931,224,NA,57,26,474928,9.35243010489991,NA,NA,268,2278,0.105263157894737,0.0925592652351992,2546,10822,"2%",1,226,121,3128,113,104,2503,7,2,66,106,15,559,46,14,7,9,NA,NA,NA,NA,NA,NA,NA,NA,459.714285714286,2983,32228,3218,933.285714285714,0.0940231491276798,2.401e+09,0.706118098636759
"148",2020-08-11,525593,49164,37979,935,244,NA,64,34,476429,9.35400585624238,NA,NA,164,1501,0.0984984984984985,NA,1665,10250,"2%",4,227,121,3134,116,106,2533,7,2,66,104,13,535,51,13,10,5,15,15,5,NA,NA,NA,NA,NA,454.571428571429,NA,NA,3182,NA,NA,2417098896,0.708481432681176
"149",2020-08-12,530408,49598,38531,946,243,NA,72,53,480810,9.35091476749974,NA,NA,434,4381,0.090134994807892,NA,4815,10121,"2%",11,230,125,3161,120,108,2566,7,2,66,103,15,529,51,15,4,4,17,18,10,NA,NA,NA,NA,NA,455.142857142857,NA,NA,3186,NA,NA,2459961604,0.714735621554816
"150",2020-08-13,535885,50003,39241,954,261,NA,88,38,485882,9.33091988019818,NA,NA,405,5072,0.0739455906518167,NA,5477,9808,"3%",8,231,129,3189,123,110,2598,7,2,66,101,17,525,53,19,8,6,NA,NA,NA,NA,NA,NA,NA,NA,426.142857142857,NA,NA,2983,NA,NA,2500300009,0.72057190379865
