"date","Total.Tested","positive","Recovered","deaths","hospitalized","new.hospital","ICU","Admit","RMCC6.Hospitalized","RMCC6.ICU","RMCC6.Admit","negative","Percent.Pos","discharged","never_hospitalized","New.Positive","New.Negative","New.Percent.Positive","Week.Positivity.Rate","Total.Daily.Tests","Still.Sick","Percent.Hospitalized","New.Deaths","Bremer.Positive","Butler.P","BlackHawk.P","Bremer.Recovered","Butler.R","BlackHawk.R","Bremer.Death","Butler.D","BlackHawk.D","Bremer.SS","Butler.SS","BlackHawk.SS","RMCC6.Leave","Knights.Positive","Knights.Isolation","Kights.Quarantine","TotalTested2","TotalPositive2","TotalRecovered2","TotalDeaths2","Bremer.Wartburg.Recovered","Bremer.True.SS"
2020-03-08,NA,3,NA,0,NA,NA,NA,NA,NA,NA,NA,NA,NA,NA,NA,NA,NA,NA,NA,NA,NA,NA,NA,NA,NA,NA,NA,NA,NA,NA,NA,NA,NA,NA,NA,NA,NA,NA,NA,10,0,0,NA,NA,NA
2020-03-09,NA,5,NA,0,NA,NA,NA,NA,NA,NA,NA,NA,NA,NA,NA,2,NA,NA,NA,NA,NA,NA,0,NA,NA,NA,NA,NA,NA,NA,NA,NA,NA,NA,NA,NA,NA,NA,NA,40,7,0,NA,NA,NA
2020-03-10,27,13,NA,0,NA,NA,NA,NA,NA,NA,NA,14,"48%",NA,NA,8,NA,NA,NA,NA,NA,NA,0,NA,NA,NA,NA,NA,NA,NA,NA,NA,NA,NA,NA,NA,NA,NA,NA,49,12,0,NA,NA,NA
2020-03-11,35,14,NA,0,NA,NA,NA,NA,NA,NA,NA,21,"40%",NA,NA,1,7,0.125,NA,8,NA,NA,0,NA,NA,NA,NA,NA,NA,NA,NA,NA,NA,NA,NA,NA,NA,NA,NA,64,13,0,NA,NA,NA
2020-03-13,NA,17,NA,0,NA,NA,NA,NA,NA,NA,NA,NA,NA,NA,NA,3,NA,NA,NA,NA,NA,NA,0,NA,NA,NA,NA,NA,NA,NA,NA,NA,NA,NA,NA,NA,NA,NA,NA,128,17,0,NA,NA,NA
2020-03-14,NA,18,NA,0,NA,NA,NA,NA,NA,NA,NA,NA,NA,NA,NA,1,NA,NA,NA,NA,NA,NA,0,NA,NA,NA,NA,NA,NA,NA,NA,NA,NA,NA,NA,NA,NA,NA,NA,129,18,0,NA,NA,NA
2020-03-18,NA,38,4,0,NA,NA,NA,NA,NA,NA,NA,NA,NA,NA,NA,20,NA,NA,NA,NA,34,NA,0,NA,NA,NA,NA,NA,NA,NA,NA,NA,NA,NA,NA,NA,NA,NA,NA,539,42,4,NA,NA,NA
2020-03-19,686,44,8,0,NA,NA,NA,NA,NA,NA,NA,642,"6%",NA,NA,6,NA,NA,NA,NA,36,NA,0,NA,NA,NA,NA,NA,NA,NA,NA,NA,NA,NA,NA,NA,NA,NA,NA,886,52,8,NA,NA,NA
2020-03-23,2148,105,11,0,NA,NA,NA,NA,NA,NA,NA,2043,"5%",NA,NA,61,1401,0.0417236662106703,NA,1462,94,NA,0,NA,NA,NA,NA,NA,NA,NA,NA,NA,NA,NA,NA,NA,NA,NA,NA,1245,82,11,NA,NA,NA
2020-03-24,NA,NA,13,1,NA,NA,NA,NA,NA,NA,NA,NA,NA,NA,NA,NA,NA,NA,NA,NA,NA,NA,1,NA,NA,NA,NA,NA,NA,NA,NA,NA,NA,NA,NA,NA,NA,NA,NA,1611,108,13,NA,NA,NA
2020-03-27,3975,235,17,3,NA,NA,NA,NA,NA,NA,NA,3740,"6%",NA,NA,NA,NA,NA,0.0560913705583756,NA,218,NA,2,NA,NA,NA,NA,NA,NA,NA,NA,NA,NA,NA,NA,NA,NA,NA,NA,2166,133,17,NA,NA,NA
2020-03-28,4673,298,21,3,NA,NA,NA,NA,NA,NA,NA,4375,"6%",NA,NA,63,635,0.0902578796561605,NA,698,277,NA,0,NA,NA,NA,NA,NA,NA,NA,NA,NA,NA,NA,NA,NA,NA,NA,NA,2476,158,21,NA,NA,NA
2020-03-29,5349,336,30,4,51,NA,NA,NA,NA,NA,NA,5013,"6%",17,185,38,638,0.0562130177514793,NA,676,306,0.166666666666667,1,NA,NA,NA,NA,NA,NA,NA,NA,NA,NA,NA,NA,NA,NA,NA,NA,2917,185,30,NA,NA,NA
2020-03-30,6586,424,60,6,51,0,NA,NA,NA,NA,NA,6162,"6%",23,203,88,1149,0.0711398544866613,NA,1237,364,0.14010989010989,2,NA,NA,NA,NA,NA,NA,NA,NA,NA,NA,NA,NA,NA,NA,NA,NA,5077,365,60,NA,NA,NA
2020-03-31,7385,497,69,7,61,10,27,NA,NA,NA,NA,6888,"7%",33,268,73,726,0.0913642052565707,0.0676220331392745,799,428,0.142523364485981,1,NA,NA,NA,NA,NA,NA,NA,NA,NA,NA,NA,NA,NA,NA,NA,NA,5878,432,69,NA,NA,NA
2020-04-01,7853,549,83,9,63,2,34,NA,NA,NA,NA,7304,"7%",183,303,52,416,0.111111111111111,0.0778264680105171,468,466,0.13519313304721,2,NA,NA,NA,NA,NA,NA,NA,NA,NA,NA,NA,NA,NA,NA,NA,NA,6642,521,83,NA,NA,NA
2020-04-02,8668,614,117,11,87,24,42,NA,NA,NA,NA,8054,"7%",NA,NA,65,750,0.0797546012269939,NA,815,497,0.175050301810865,2,NA,NA,NA,NA,NA,NA,NA,NA,NA,NA,NA,NA,NA,NA,NA,NA,7275,575,117,NA,NA,NA
2020-04-03,699,699,150,11,80,-7,44,NA,NA,NA,NA,0,"",204,415,85,-8054,-0.010666332036642,-0.141636141636142,-7969,549,0.145719489981785,0,NA,NA,NA,NA,NA,NA,NA,NA,NA,NA,NA,NA,NA,NA,NA,NA,7881,636,150,NA,NA,NA
2020-04-04,10240,786,195,14,85,5,44,NA,NA,NA,NA,9454,"8%",213,488,87,9454,0.00911854103343465,0.0876594215915215,9541,591,0.143824027072758,3,NA,NA,NA,NA,NA,NA,NA,NA,NA,NA,NA,NA,NA,NA,NA,NA,8693,719,195,NA,NA,NA
2020-04-05,10841,868,243,22,91,6,60,NA,NA,NA,NA,9973,"8%",235,542,82,519,0.136439267886855,0.0968681718863802,601,625,0.1456,8,NA,NA,NA,NA,NA,NA,NA,NA,NA,NA,NA,NA,NA,NA,NA,NA,9845,848,243,NA,NA,NA
2020-04-06,11599,946,286,25,99,8,49,NA,NA,NA,NA,10653,"8%",251,596,78,680,0.102902374670185,0.104129263913824,758,660,0.15,3,NA,NA,NA,NA,NA,NA,NA,NA,NA,NA,NA,NA,NA,NA,NA,NA,10461,928,286,NA,NA,NA
2020-04-07,12718,1048,311,26,104,5,53,NA,NA,NA,NA,11670,"8%",298,646,102,1017,0.0911528150134048,0.10331895743484,1119,737,0.141112618724559,1,NA,NA,NA,NA,NA,NA,NA,NA,NA,NA,NA,NA,NA,NA,NA,NA,11445,1060,311,NA,NA,NA
2020-04-08,13966,1145,347,27,122,18,60,NA,NA,NA,NA,12821,"8%",NA,NA,97,1151,0.077724358974359,0.0974971372484868,1248,798,0.152882205513784,1,NA,NA,NA,NA,NA,NA,NA,NA,NA,NA,NA,NA,NA,NA,NA,NA,11686,1078,347,NA,NA,NA
2020-04-09,14973,1270,437,29,NA,NA,58,NA,NA,NA,NA,13703,"8%",NA,NA,125,882,0.124131082423039,0.104044409199048,1007,833,NA,2,NA,NA,NA,NA,NA,NA,NA,NA,NA,NA,NA,NA,NA,NA,NA,NA,12860,1210,437,NA,NA,NA
2020-04-10,15953,1388,506,31,119,NA,54,NA,NA,NA,NA,14565,"9%",NA,NA,118,862,0.120408163265306,0.045168480398584,980,882,0.134920634920635,2,NA,NA,NA,NA,NA,NA,NA,NA,NA,NA,NA,NA,NA,NA,NA,NA,14213,1339,506,NA,NA,NA
2020-04-11,17132,1510,574,34,118,-1,58,NA,NA,NA,NA,15622,"9%",NA,NA,122,1057,0.103477523324852,0.105049332559489,1179,936,0.126068376068376,3,NA,NA,NA,NA,NA,NA,NA,NA,NA,NA,NA,NA,NA,NA,NA,NA,15320,1461,574,NA,674,NA
2020-04-12,17592,1587,657,41,129,11,66,NA,NA,NA,NA,16005,"9%",NA,NA,77,383,0.167391304347826,0.106502740334765,460,930,0.138709677419355,7,NA,NA,NA,NA,NA,NA,NA,NA,NA,NA,NA,NA,NA,NA,NA,NA,16336,1598,657,NA,741,NA
2020-04-13,18696,1710,755,43,142,13,70,NA,NA,NA,NA,16986,"9%",NA,NA,123,981,0.111413043478261,0.10765112019163,1104,955,0.14869109947644,2,NA,NA,NA,NA,NA,NA,NA,NA,NA,NA,NA,NA,NA,NA,NA,NA,17427,1741,755,NA,790,NA
2020-04-14,19366,1899,796,49,163,21,73,NA,NA,NA,NA,17467,"10%",NA,NA,189,481,0.282089552238806,0.128008423586041,670,1103,0.14777878513146,6,NA,NA,NA,NA,NA,NA,NA,NA,NA,NA,NA,NA,NA,NA,NA,NA,18432,1918,796,NA,790,NA
2020-04-15,19869,1995,822,43,171,8,76,NA,NA,NA,NA,17874,"10%",NA,NA,96,407,0.190854870775348,0.143994579027613,503,1173,0.145780051150895,-6,NA,NA,NA,NA,NA,NA,NA,NA,NA,NA,NA,NA,NA,NA,NA,NA,19384,2121,822,NA,908,NA
2020-04-16,20675,2141,928,60,176,5,85,NA,NA,NA,NA,18534,"10%",NA,NA,146,660,0.181141439205955,0.152753419852683,806,1213,0.145094806265458,17,NA,NA,NA,NA,NA,NA,NA,NA,NA,NA,NA,NA,NA,NA,NA,NA,19864,2203,928,NA,987,NA
2020-04-17,21792,2332,1018,64,182,6,88,NA,NA,NA,NA,19460,"11%",NA,NA,191,926,0.170993733213966,0.161671519095736,1117,1314,0.138508371385084,4,NA,NA,NA,NA,NA,NA,NA,NA,NA,NA,NA,NA,NA,NA,NA,NA,20359,2286,1018,NA,1007,NA
2020-04-18,22947,2513,1099,74,193,11,84,NA,NA,NA,NA,20434,"11%",NA,NA,181,974,0.156709956709957,0.172484952708512,1155,1414,0.136492220650636,10,NA,NA,NA,NA,NA,NA,NA,NA,NA,NA,NA,NA,NA,NA,NA,NA,21612,2555,1099,NA,1095,NA
2020-04-19,24550,2902,1182,75,198,5,86,NA,NA,NA,NA,21648,"12%",NA,NA,389,1214,0.242669993761697,0.188991089393504,1603,1720,0.115116279069767,1,NA,NA,NA,NA,NA,NA,NA,NA,NA,NA,NA,NA,NA,NA,NA,NA,22694,2707,1182,NA,1171,NA
2020-04-20,25820,3159,1291,79,214,16,91,NA,NA,NA,NA,22661,"12%",NA,NA,257,1013,0.202362204724409,0.203396967995508,1270,1868,0.114561027837259,4,NA,NA,NA,NA,NA,NA,NA,NA,NA,NA,NA,NA,NA,NA,NA,NA,24463,3168,1291,NA,1235,NA
2020-04-21,27615,3641,1356,83,214,0,89,NA,NA,NA,NA,23974,"13%",NA,NA,482,1313,0.268523676880223,0.211177112377258,1795,2285,0.0936542669584245,4,NA,NA,NA,NA,NA,NA,NA,NA,NA,NA,NA,NA,NA,NA,NA,NA,25824,3483,1356,NA,1293,NA
2020-04-22,28244,3748,1395,90,272,58,92,NA,NA,NA,NA,24496,"13%",NA,NA,107,522,0.170111287758347,0.209313432835821,629,2353,0.115597110072248,7,NA,NA,NA,NA,NA,NA,NA,NA,NA,NA,NA,NA,NA,NA,NA,NA,27612,3971,1395,NA,1428,NA
2020-04-23,29262,3924,1551,96,282,10,102,NA,NA,NA,NA,25338,"13%",NA,NA,176,842,0.172888015717092,0.207639454990101,1018,2373,0.118836915297092,6,NA,NA,NA,NA,NA,NA,NA,NA,NA,NA,NA,NA,NA,NA,NA,NA,28164,4074,1551,NA,1492,NA
2020-04-24,31973,4445,1649,107,407,125,104,NA,NA,NA,NA,27528,"14%",NA,NA,521,2190,0.192180007377352,0.207543463314016,2711,2796,0.145565092989986,11,NA,NA,NA,NA,NA,NA,NA,NA,NA,NA,NA,NA,NA,NA,NA,NA,29050,4244,1649,NA,1604,NA
2020-04-25,34350,5092,1772,111,293,-114,108,NA,NA,NA,NA,29258,"15%",NA,NA,647,1730,0.27219183845183,0.226168552135403,2377,3320,0.0882530120481928,4,NA,NA,NA,NA,NA,NA,NA,NA,NA,NA,NA,NA,NA,NA,NA,NA,31714,4815,1772,NA,1723,NA
2020-04-26,36090,5476,1921,118,286,-7,99,NA,NA,NA,NA,30614,"15%",NA,NA,384,1356,0.220689655172414,0.223050259965338,1740,3555,0.080450070323488,7,NA,NA,NA,NA,NA,NA,NA,NA,NA,NA,NA,NA,NA,NA,NA,NA,34150,5532,1921,NA,1900,NA
2020-04-27,38150,5868,2172,127,300,14,100,NA,NA,NA,NA,32282,"15%",NA,NA,392,1668,0.190291262135922,0.21970802919708,2060,3696,0.0811688311688312,9,NA,NA,NA,NA,NA,NA,NA,NA,NA,NA,NA,NA,NA,NA,NA,NA,36120,5997,2172,NA,2021,NA
2020-04-28,39823,6376,2301,136,304,4,98,NA,NA,NA,NA,33447,"16%",NA,NA,508,1165,0.303646144650329,0.224033420707733,1673,4075,0.074601226993865,9,NA,NA,NA,NA,NA,NA,NA,NA,NA,NA,NA,NA,NA,NA,NA,NA,38196,6438,2301,NA,2164,NA
2020-04-29,41337,6843,2422,148,323,19,100,NA,NA,NA,NA,34494,"17%",NA,NA,467,1047,0.308454425363276,0.236385855037043,1514,4421,0.073060393576114,12,NA,NA,NA,NA,NA,NA,NA,NA,NA,NA,NA,NA,NA,NA,NA,NA,40301,7031,2422,NA,2428,NA
2020-04-30,42667,7145,2788,162,335,12,121,NA,NA,NA,NA,35522,"17%",NA,NA,302,1028,0.227067669172932,0.240283476314808,1330,4357,0.0768877668120266,14,NA,NA,NA,NA,NA,NA,NA,NA,NA,NA,NA,NA,NA,NA,NA,NA,42493,7698,2788,NA,2697,NA
2020-05-01,45593,7884,3051,170,345,10,113,NA,NA,NA,NA,37709,"17%",NA,NA,739,2187,0.252563226247437,0.252496328928047,2926,4833,0.0713842333954066,8,NA,NA,NA,NA,NA,NA,NA,NA,NA,NA,NA,NA,NA,NA,NA,NA,44241,8016,3051,NA,2899,NA
2020-05-02,49727,8641,3339,175,353,8,131,NA,NA,NA,NA,41086,"17%",NA,NA,757,3377,0.183115626511853,0.230799245626585,4134,5302,0.0665786495662014,5,NA,NA,NA,NA,NA,NA,NA,NA,NA,NA,NA,NA,NA,NA,NA,NA,47194,8817,3339,NA,2899,NA
2020-05-03,53186,9169,3613,184,378,25,133,NA,NA,NA,NA,44017,"17%",NA,NA,528,2931,0.152645273200347,0.216015442208704,3459,5556,0.0680345572354212,9,NA,NA,NA,NA,NA,NA,NA,NA,NA,NA,NA,NA,NA,NA,NA,NA,49914,9334,3613,NA,3325,NA
2020-05-04,57161,9703,3894,188,389,11,143,NA,NA,NA,NA,47458,"17%",NA,NA,534,3441,0.134339622641509,0.201725316921782,3975,5809,0.0669650542262007,4,NA,NA,NA,NA,NA,NA,NA,NA,NA,NA,NA,NA,NA,NA,NA,NA,53320,9931,3894,NA,3486,NA
2020-05-05,60569,10111,4081,207,407,18,152,NA,NA,NA,NA,50458,"17%",NA,NA,408,3000,0.119718309859155,0.180034705485395,3408,6030,0.0674958540630182,19,NA,NA,NA,NA,NA,NA,NA,NA,NA,NA,NA,NA,NA,NA,NA,NA,56419,10421,4081,NA,3572,NA
2020-05-06,63171,10404,4174,219,414,7,150,NA,NA,NA,NA,52767,"16%",NA,NA,293,2309,0.11260568793236,0.163094256663919,2602,6230,0.0664526484751204,12,NA,NA,NA,NA,NA,NA,NA,NA,NA,NA,NA,NA,NA,NA,NA,NA,59157,10803,4174,NA,3803,NA
2020-05-07,66427,11059,4525,231,417,3,151,NA,NA,NA,NA,55368,"17%",NA,NA,655,2601,0.201167076167076,0.16473063973064,3256,6534,0.0638200183654729,12,NA,NA,NA,NA,NA,NA,NA,NA,NA,NA,NA,NA,NA,NA,NA,NA,61641,11113,4525,NA,4266,NA
2020-05-08,70261,11457,4785,243,407,-10,164,NA,NA,NA,NA,58804,"16%",NA,NA,398,3436,0.103808033385498,0.144843521971785,3834,6672,0.0610011990407674,12,NA,NA,NA,NA,NA,NA,NA,NA,NA,NA,NA,NA,NA,NA,NA,NA,64027,11445,4785,NA,4685,NA
2020-05-09,71476,11671,5102,252,402,-5,161,NA,NA,NA,NA,59805,"16%",NA,NA,214,1001,0.176131687242798,0.139316750195411,1215,6569,0.0611965291520779,9,NA,NA,NA,NA,NA,NA,NA,NA,NA,NA,NA,NA,NA,NA,NA,NA,66660,11844,5102,NA,5011,NA
2020-05-10,74174,11959,5496,265,413,11,157,NA,NA,NA,NA,62215,"16%",NA,NA,288,2410,0.106745737583395,0.132933104631218,2698,6463,0.0639022125947702,13,NA,NA,NA,NA,NA,NA,NA,NA,NA,NA,NA,NA,NA,NA,NA,NA,70433,12289,5496,NA,5154,NA
2020-05-11,77792,12373,5900,271,394,-19,152,NA,NA,NA,NA,65419,"16%",NA,NA,414,3204,0.114427860696517,0.129416896902719,3618,6473,0.0608682218445852,6,NA,NA,NA,NA,NA,NA,NA,NA,NA,NA,NA,NA,NA,NA,NA,NA,71641,12491,5900,NA,5249,NA
2020-05-12,81288,12912,6046,289,385,-9,143,NA,NA,NA,NA,68376,"16%",NA,NA,539,2957,0.154176201372998,0.135189922293547,3496,6866,0.0560734051849694,18,NA,NA,NA,NA,NA,NA,NA,NA,NA,NA,NA,NA,NA,NA,NA,NA,74325,12821,6046,NA,5618,NA
2020-05-13,85719,13289,6166,306,388,3,133,NA,NA,NA,NA,72430,"16%",NA,NA,377,4054,0.0850823741819002,0.127949263792798,4431,7123,0.0544714305770041,17,NA,NA,NA,NA,NA,NA,NA,NA,NA,NA,NA,NA,NA,NA,NA,NA,77935,13260,6166,NA,5954,NA
2020-05-14,89294,13675,6637,318,405,17,134,NA,NA,NA,NA,75619,"15%",NA,NA,386,3189,0.107972027972028,0.114400664713342,3575,7038,0.0575447570332481,12,NA,NA,NA,NA,NA,NA,NA,NA,NA,NA,NA,NA,NA,NA,NA,NA,81385,13780,6637,NA,6231,NA
2020-05-15,93556,14049,6986,336,387,-18,130,NA,NA,NA,NA,79507,"15%",NA,NA,374,3888,0.0877522290004693,0.111268512556343,4262,7063,0.0547925810562084,18,NA,NA,NA,NA,NA,NA,NA,NA,NA,NA,NA,NA,NA,NA,NA,NA,85858,14176,6986,NA,6561,NA
2020-05-16,96300,14328,7308,346,385,-2,128,NA,NA,NA,NA,81972,"15%",NA,NA,279,2465,0.10167638483965,0.107033515952304,2744,7020,0.0548433048433048,10,NA,NA,NA,NA,NA,NA,NA,NA,NA,NA,NA,NA,NA,NA,NA,NA,89418,14537,7308,NA,6927,NA
2020-05-17,100241,14651,7691,351,374,-11,124,NA,NA,NA,NA,85590,"15%",NA,NA,323,3618,0.0819588936818066,0.103272336670887,3941,6960,0.053735632183908,5,NA,NA,NA,NA,NA,NA,NA,NA,NA,NA,NA,NA,NA,NA,NA,NA,93700,14965,7691,NA,7154,NA
2020-05-18,103148,14955,8146,355,382,8,121,NA,NA,NA,NA,88193,"14%",NA,NA,304,2603,0.104575163398693,0.101829941631172,2907,6809,0.0561022176531062,4,NA,NA,NA,NA,NA,NA,NA,NA,NA,NA,NA,NA,NA,NA,NA,NA,96453,15227,8146,NA,7324,NA
2020-05-19,107196,15296,8366,367,383,1,126,NA,NA,NA,NA,91900,"14%",NA,NA,341,3707,0.0842391304347826,0.0920179095260151,4048,6930,0.0552669552669553,12,NA,NA,NA,NA,NA,NA,NA,NA,NA,NA,NA,NA,NA,NA,NA,NA,100374,15546,8366,NA,7847,NA
2020-05-20,110213,15534,8519,383,381,-2,126,NA,NA,NA,NA,94679,"14%",NA,NA,238,2779,0.0788863109048724,0.0916550992079693,3017,7015,0.054312188168211,16,NA,NA,NA,NA,NA,NA,NA,NA,NA,NA,NA,NA,NA,NA,NA,NA,103265,15815,8519,NA,8236,NA
2020-05-21,115031,15954,8952,403,376,-5,125,NA,NA,NA,NA,99077,"14%",NA,NA,420,4398,0.087173100871731,0.0885495590006605,4818,7002,0.0536989431590974,20,NA,NA,NA,NA,NA,NA,NA,NA,NA,NA,NA,NA,NA,NA,NA,NA,106564,16091,8952,NA,8505,NA
2020-05-22,119469,16415,9287,419,362,-14,123,NA,NA,NA,NA,103054,"14%",NA,NA,461,3977,0.10387561964849,0.0913055223247019,4438,7128,0.0507856341189675,16,NA,NA,NA,NA,NA,NA,NA,NA,NA,NA,NA,NA,NA,NA,NA,NA,109427,16326,9287,NA,8834,NA
2020-05-23,122990,16767,9569,444,262,-100,109,NA,NA,NA,NA,106223,"14%",NA,NA,352,3169,0.0999715989775632,0.0913825402772574,3521,7198,0.036398999722145,25,NA,NA,NA,NA,NA,NA,NA,NA,NA,NA,NA,NA,NA,NA,NA,NA,114060,16709,9569,NA,9187,NA
2020-05-24,132352,17557,10338,456,377,115,118,NA,NA,NA,NA,114795,"13%",NA,NA,790,8572,0.0843836787011322,0.0904985830400797,9362,7219,0.052223299625987,12,NA,NA,NA,NA,NA,NA,NA,NA,NA,NA,NA,NA,NA,NA,NA,NA,123410,17614,10338,NA,9341,NA
2020-05-25,134985,17659,10518,466,379,2,115,NA,NA,NA,NA,117326,"13%",NA,NA,102,2531,0.038739080896316,0.0849326255614537,2633,7141,0.0530737991877888,10,NA,NA,NA,NA,NA,NA,NA,NA,NA,NA,NA,NA,NA,NA,NA,NA,126509,17899,10518,NA,9442,NA
2020-05-26,139157,18273,10679,488,393,14,109,NA,NA,NA,NA,120884,"13%",NA,NA,614,3558,0.147171620325983,0.0931447701886674,4172,7594,0.0517513826705294,22,NA,NA,NA,NA,NA,NA,NA,NA,NA,NA,NA,NA,NA,NA,NA,NA,131452,18289,10679,NA,9929,NA
2020-05-27,142321,18502,10905,500,383,-10,112,NA,NA,NA,NA,123819,"13%",NA,NA,229,2935,0.0723767383059419,0.0924380216768407,3164,7597,0.0504146373568514,12,NA,NA,NA,NA,NA,NA,NA,NA,NA,NA,NA,NA,NA,NA,NA,NA,134069,18461,10905,NA,10148,NA
2020-05-28,146275,18792,11445,520,376,-7,117,NA,NA,NA,NA,127483,"13%",NA,NA,290,3664,0.073343449671219,0.0908334400204839,3954,7347,0.0511773512998503,20,NA,NA,NA,NA,NA,NA,NA,NA,NA,NA,NA,NA,NA,NA,NA,NA,138465,19253,11445,NA,10570,NA
2020-05-29,150110,19135,11872,527,368,-8,118,NA,NA,NA,NA,130975,"13%",NA,NA,343,3492,0.0894393741851369,0.0887699487614634,3835,7263,0.0506677681398871,7,69,NA,NA,59,NA,NA,6,NA,NA,4,NA,NA,NA,NA,NA,NA,141631,19490,11872,NA,10902,NA
2020-05-30,156713,19551,12275,534,341,-27,116,NA,NA,NA,NA,137162,"12%",NA,NA,416,6187,0.0630016659094351,0.082554932835157,6603,7276,0.0468664101154481,7,70,NA,NA,59,NA,NA,6,NA,NA,5,NA,NA,NA,NA,NA,NA,145207,19719,12275,NA,11111,NA
2020-06-01,159292,19688,12784,538,339,-2,125,NA,NA,NA,NA,139604,"12%",NA,NA,137,2442,0.0531213648701047,0.079101707498144,2579,6904,0.0491019698725377,4,70,NA,NA,59,NA,NA,6,NA,NA,5,NA,NA,NA,NA,NA,NA,148979,20020,12784,NA,11185,NA
2020-06-02,163969,19956,13025,560,327,-12,114,NA,NA,NA,NA,144013,"12%",NA,NA,268,4409,0.0573016891169553,0.0792506210322937,4677,6931,0.0471793392006925,22,69,NA,NA,59,NA,NA,6,NA,NA,4,NA,NA,NA,NA,NA,NA,154204,20367,13025,NA,11604,NA
2020-06-03,167701,20157,13243,566,314,-13,116,NA,NA,NA,NA,147544,"12%",NA,NA,201,3531,0.0538585209003215,0.0660033632286996,3732,6914,0.0454150997975123,6,69,NA,NA,59,NA,NA,6,NA,NA,4,NA,NA,NA,NA,NA,NA,158728,20633,13243,NA,11925,NA
2020-06-04,174127,20706,13650,579,310,-4,105,NA,NA,NA,NA,153421,"12%",NA,NA,549,5877,0.0854341736694678,0.0692951015531661,6426,7056,0.0439342403628118,13,70,NA,NA,61,NA,NA,6,NA,NA,3,NA,NA,NA,NA,NA,NA,163773,20964,13650,NA,12183,NA
2020-06-05,179816,21096,14027,591,299,-11,102,NA,NA,NA,NA,158720,"12%",NA,NA,390,5299,0.0685533485674108,0.0686920485376107,5689,7069,0.0422973546470505,12,71,NA,NA,61,NA,NA,6,NA,NA,4,NA,NA,NA,NA,NA,NA,167899,21246,14027,NA,12490,NA
2020-06-06,184554,21438,14398,597,288,-11,92,NA,NA,NA,NA,163116,"12%",NA,NA,342,4396,0.0721823554242296,0.0668621530600395,4738,7040,0.0409090909090909,6,71,NA,NA,61,NA,NA,6,NA,NA,4,NA,NA,NA,NA,NA,NA,171630,21468,14398,NA,12673,NA
2020-06-07,187939,21635,14733,604,269,-19,86,NA,NA,NA,NA,166304,"12%",NA,NA,197,3188,0.0581979320531758,0.0667392557484148,3385,6902,0.0389742103738047,7,71,NA,NA,61,NA,NA,6,NA,NA,4,NA,NA,NA,NA,NA,NA,178589,21857,14733,NA,12797,NA
2020-06-08,192950,21919,15165,606,265,-4,85,NA,NA,NA,NA,171031,"11%",NA,NA,284,4727,0.0566753143085213,0.0662843900410007,5011,6754,0.0392360082913829,2,74,NA,NA,61,NA,NA,6,NA,NA,7,NA,NA,NA,NA,NA,NA,184105,22227,15165,NA,12844,NA
2020-06-09,197340,22179,15352,622,255,-10,82,NA,NA,NA,NA,175161,"11%",NA,NA,260,4130,0.0592255125284738,0.0666147253603428,4390,6827,0.0373516918119232,16,74,NA,NA,63,NA,NA,6,NA,NA,5,NA,NA,NA,NA,NA,NA,186560,22349,15352,NA,13244,NA
2020-06-10,202594,22454,15483,629,245,-10,73,NA,NA,NA,NA,180140,"11%",NA,NA,275,4979,0.052341073467834,0.0658298226005216,5254,6971,0.0351456032133123,7,74,NA,NA,63,NA,NA,6,NA,NA,5,NA,NA,NA,NA,NA,NA,191575,22615,15483,NA,13532,NA
2020-06-11,207057,22785,15906,638,242,-3,75,NA,NA,NA,NA,184272,"11%",NA,NA,331,4132,0.0741653596235716,0.0631339204372912,4463,6879,0.0351795319087077,9,74,NA,NA,64,NA,NA,6,NA,NA,4,NA,NA,NA,NA,NA,NA,196354,22916,15906,NA,13806,NA
2020-06-12,212827,23166,16256,641,225,-17,81,NA,NA,NA,NA,189661,"11%",NA,NA,381,5389,0.0660311958405546,0.0627063706037382,5770,6910,0.032561505065123,3,74,NA,NA,65,NA,NA,6,NA,NA,3,NA,NA,NA,NA,NA,NA,201690,23221,16256,NA,14058,NA
2020-06-13,218960,23551,16599,650,200,-25,76,NA,NA,NA,NA,195409,"11%",NA,NA,385,5748,0.0627751508234143,0.0614137069115852,6133,6952,0.0287686996547756,9,74,NA,NA,65,NA,NA,6,NA,NA,3,NA,NA,NA,NA,NA,NA,206070,23472,16599,NA,14301,NA
2020-06-14,224663,23879,16913,651,203,3,77,NA,NA,NA,NA,200784,"11%",NA,NA,328,5375,0.0575135893389444,0.0611044548524126,5703,6966,0.0291415446454206,1,74,NA,NA,65,NA,NA,6,NA,NA,3,NA,NA,NA,NA,NA,NA,211534,23802,16913,NA,14359,NA
2020-06-15,227409,24041,17270,653,197,-6,71,NA,NA,NA,NA,203368,"11%",NA,NA,162,2584,0.0589949016751639,0.0615804289155228,2746,6771,0.0290946684389307,2,74,NA,NA,66,NA,NA,6,NA,NA,2,NA,NA,NA,NA,NA,NA,217163,24114,17270,NA,14431,NA
2020-06-16,230263,24161,17432,661,193,-4,71,NA,NA,NA,NA,206102,"10%",NA,NA,120,2734,0.0420462508759636,0.0602010752361571,2854,6729,0.0286818249368405,8,74,NA,NA,66,NA,NA,6,NA,NA,2,NA,NA,NA,NA,NA,NA,222351,24388,17432,NA,14798,NA
2020-06-17,234405,24379,17586,671,188,-5,64,NA,NA,NA,NA,210026,"10%",NA,NA,218,3924,0.0526315789473684,0.0605136587972714,4142,6793,0.0276755483586044,10,75,NA,NA,66,NA,NA,6,NA,NA,3,NA,NA,NA,NA,NA,NA,225799,24538,17586,NA,15155,NA
2020-06-18,239596,24735,18022,677,176,-12,63,NA,NA,NA,NA,214861,"10%",NA,NA,356,4835,0.0685802350221537,0.0599280862964443,5191,6713,0.0262177863846268,6,81,NA,NA,66,NA,NA,6,NA,NA,9,NA,NA,NA,NA,NA,NA,228972,24672,18022,NA,15417,NA
2020-06-19,245278,25127,18352,680,197,21,60,NA,NA,NA,NA,220151,"10%",NA,NA,392,5290,0.0689897923266456,0.0604295707374195,5682,6775,0.0290774907749078,3,81,NA,NA,66,NA,NA,6,NA,NA,9,NA,NA,NA,NA,NA,NA,232580,24823,18352,NA,15674,NA
2020-06-20,249207,25424,18741,681,182,-15,58,NA,NA,NA,NA,223783,"10%",NA,NA,297,3632,0.0755917536268771,0.0619234965451119,3929,6683,0.027233278467754,1,81,NA,NA,68,NA,NA,6,NA,NA,7,NA,NA,NA,NA,NA,NA,238178,25153,18741,NA,15904,NA
2020-06-21,256960,25865,19086,685,170,-12,53,NA,NA,NA,NA,231095,"10%",NA,NA,441,7312,0.0568812072746034,0.0614917794222374,7753,6779,0.0250774450508925,4,82,NA,NA,68,NA,NA,6,NA,NA,8,NA,NA,NA,NA,NA,NA,243014,25459,19086,NA,16018,NA
2020-06-22,259002,26048,19466,686,169,-1,51,NA,NA,NA,NA,232954,"10%",NA,NA,183,1859,0.0896180215475025,0.0635267306048808,2042,6582,0.0256760862959587,1,82,NA,NA,68,NA,NA,6,NA,NA,8,NA,NA,NA,NA,NA,NA,249270,25902,19466,NA,16101,NA
2020-06-23,264265,26343,19713,688,163,-6,47,NA,NA,NA,NA,237922,"10%",NA,NA,295,4968,0.0560516815504465,0.064172695723781,5263,6630,0.0245852187028658,2,82,NA,NA,68,NA,NA,6,NA,NA,8,NA,NA,NA,NA,NA,NA,252919,26065,19713,NA,16398,NA
2020-06-24,268435,26601,19954,690,140,-23,43,NA,NA,NA,NA,241834,"10%",NA,NA,258,3912,0.0618705035971223,0.0652953276520717,4170,6647,0.021062133293215,2,85,NA,NA,69,NA,NA,6,NA,NA,10,NA,NA,NA,NA,NA,NA,258299,26418,19954,NA,16727,NA
2020-06-25,275442,27062,20260,694,137,-3,42,NA,NA,NA,NA,248380,"10%",NA,NA,461,6546,0.0657913515056372,0.0649165876248396,7007,6802,0.0201411349603058,4,85,NA,NA,70,NA,NA,6,NA,NA,9,NA,NA,NA,NA,NA,NA,262529,26618,20260,NA,16926,NA
2020-06-26,282023,27593,20655,702,141,4,42,NA,NA,NA,NA,254430,"10%",NA,NA,531,6050,0.0806868257103784,0.0671111715879712,6581,6938,0.0203228596137215,8,85,NA,NA,70,NA,NA,6,NA,NA,9,NA,NA,NA,NA,NA,NA,266597,26854,20655,NA,17206,NA
2020-06-27,288212,27934,20893,704,131,-10,40,NA,NA,NA,NA,260278,"10%",NA,NA,341,5848,0.055097754079819,0.0643507242661197,6189,7041,0.0186053117454907,2,85,NA,NA,70,NA,NA,6,NA,NA,9,NA,NA,NA,NA,NA,NA,272740,27239,20893,NA,17436,NA
2020-06-28,295920,28478,21195,704,118,-13,36,NA,NA,NA,NA,267442,"10%",NA,NA,544,7164,0.0705760249091853,0.0670687885010267,7708,7283,0.01620211451325,0,85,NA,NA,70,NA,NA,6,NA,NA,9,NA,NA,NA,NA,NA,NA,279856,27682,21195,NA,17573,NA
2020-06-29,300437,28735,21585,707,119,1,35,NA,NA,NA,NA,271702,"10%",NA,NA,257,4260,0.0568961700243524,0.064848557982382,4517,7150,0.0166433566433566,3,85,NA,NA,70,NA,NA,6,NA,NA,9,NA,NA,NA,NA,NA,NA,286241,28071,21585,NA,17758,NA
2020-06-30,303775,28944,21829,713,133,14,34,NA,NA,NA,NA,274831,"10%",NA,NA,209,3129,0.0626123427201917,0.0658314350797266,3338,7115,0.0186929023190443,6,87,NA,NA,78,NA,NA,6,NA,NA,3,NA,NA,NA,NA,NA,NA,292644,28438,21829,NA,23078,NA
2020-07-01,308680,29347,22052,717,149,16,37,NA,NA,NA,NA,279333,"10%",NA,NA,403,4502,0.0821610601427115,0.0682320785190707,4905,7295,0.020424948594928,4,88,50,2118,78,NA,NA,6,NA,NA,4,NA,NA,NA,NA,NA,NA,297214,28677,22052,NA,23503,NA
2020-07-02,316405,30060,22436,717,145,-4,36,NA,NA,NA,NA,286345,"10%",NA,NA,713,7012,0.0922977346278317,0.0731879989258599,7725,7624,0.0190188877229801,0,90,52,2158,79,NA,NA,6,NA,NA,5,NA,NA,NA,NA,NA,NA,302720,28964,22436,NA,23916,NA
2020-07-03,320924,30355,22791,720,146,1,40,NA,NA,NA,NA,290569,"9%",NA,NA,295,4224,0.0652799291878734,0.0710007454821213,4519,7564,0.0193019566367002,3,91,55,2185,79,NA,NA,6,NA,NA,6,NA,NA,NA,NA,NA,NA,NA,NA,22791,NA,24243,NA
2020-07-04,327936,30922,23120,721,134,-12,40,NA,NA,NA,NA,297014,"9%",NA,NA,567,6445,0.0808613804905876,0.0752190111771221,7012,7802,0.0171750833119713,1,92,56,2247,79,NA,NA,6,NA,NA,7,NA,NA,NA,NA,NA,NA,NA,NA,23120,NA,24526,NA
2020-07-05,332114,31243,23576,721,141,7,43,NA,NA,NA,NA,300871,"9%",NA,NA,321,3857,0.0768310196266156,0.0763938774382494,4178,7667,0.0183905047606626,0,93,57,2279,79,NA,NA,6,NA,NA,8,NA,NA,NA,NA,NA,NA,NA,NA,23576,NA,24671,NA
2020-07-06,335716,31656,23862,721,151,10,41,NA,NA,NA,NA,304060,"9%",NA,NA,413,3189,0.114658523042754,0.0827971314379659,3602,7794,0.0193738773415448,0,93,60,2303,78,NA,NA,6,NA,NA,9,NA,NA,NA,NA,NA,NA,NA,NA,23862,NA,24958,NA
2020-07-07,339040,31929,24045,725,165,14,44,NA,NA,NA,NA,307111,"9%",NA,NA,273,3051,0.082129963898917,0.0846448319863888,3324,7884,0.0209284627092846,4,95,60,2306,80,NA,NA,6,NA,NA,9,NA,NA,NA,NA,NA,NA,NA,NA,24045,NA,25415,NA
2020-07-08,344474,32343,24235,732,165,0,44,NA,NA,NA,NA,312131,"9%",NA,NA,414,5020,0.076186970923813,0.0837011789685422,5434,8108,0.0203502713369512,7,97,61,2332,80,NA,NA,7,NA,NA,10,NA,NA,NA,NA,NA,NA,NA,NA,24235,NA,25868,NA
2020-07-09,352106,33012,24651,739,168,3,49,NA,NA,NA,NA,319094,"9%",NA,NA,669,6963,0.0876572327044025,0.0826867594745245,7632,8361,0.0200932902762827,7,102,62,2373,80,NA,NA,7,NA,NA,15,NA,NA,NA,NA,NA,NA,NA,NA,24651,NA,26232,NA
2020-07-10,361252,33756,25051,742,169,1,54,NA,NA,NA,NA,327496,"9%",NA,NA,744,8402,0.0813470369560464,0.0843334655822258,9146,8705,0.0194141298104538,3,105,63,2413,79,NA,NA,7,NA,NA,19,NA,NA,NA,NA,NA,NA,NA,NA,25051,NA,25750,NA
2020-07-11,367822,34499,26081,748,178,9,56,NA,NA,NA,NA,333323,"9%",NA,NA,743,5827,0.113089802130898,0.0896805896805897,6570,8418,0.0211451651223569,6,109,64,2464,79,NA,NA,7,NA,NA,23,NA,NA,NA,NA,NA,NA,NA,NA,25371,NA,26081,NA
2020-07-12,374817,35002,26206,749,177,-1,54,NA,NA,NA,NA,339815,"9%",NA,NA,503,6492,0.0719085060757684,0.0880266023464394,6995,8796,0.0201227830832196,1,112,70,2510,79,52,1882,7,2,59,26,16,569,NA,NA,NA,NA,NA,NA,NA,NA,NA,26
2020-07-13,377608,35502,26605,753,173,-4,63,NA,NA,NA,NA,342106,"9%",NA,NA,500,2291,0.179147259046937,0.0918075050128903,2791,8897,0.0194447566595482,4,116,70,2527,79,54,1895,7,2,59,30,14,573,NA,NA,NA,NA,NA,NA,NA,NA,NA,30
2020-07-14,381299,35830,26899,755,186,13,67,NA,NA,NA,NA,345469,"9%",NA,NA,328,3363,0.0888648062855595,0.0923116969166331,3691,8931,0.0208263352368156,2,116,71,2539,79,55,1898,7,2,59,30,14,582,NA,NA,NA,NA,NA,NA,NA,NA,NA,30
2020-07-15,384765,36036,27102,759,190,4,62,NA,NA,NA,NA,348729,"9%",NA,NA,206,3260,0.0594345066358915,0.091658186691817,3466,8934,0.02126706962167,4,116,71,2551,79,55,1898,7,2,59,30,14,594,NA,NA,NA,NA,NA,NA,NA,NA,NA,30
2020-07-16,392912,36737,27353,777,195,5,65,NA,NA,NA,NA,356175,"9%",NA,NA,701,7446,0.0860439425555419,0.0912855952555997,8147,9384,0.0207800511508951,18,125,74,2582,79,56,1907,7,2,60,39,16,615,NA,NA,NA,NA,NA,NA,NA,NA,NA,39
2020-07-17,403012,37616,27551,782,210,15,70,NA,NA,NA,NA,365396,"9%",NA,NA,879,9221,0.087029702970297,0.0924329501915709,10100,10065,0.0208643815201192,5,131,78,2644,79,59,1916,7,2,60,45,17,668,NA,NA,NA,NA,NA,NA,NA,NA,NA,45
2020-07-18,403726,37903,27800,785,210,0,70,NA,NA,NA,NA,365823,"9%",NA,NA,287,427,0.401960784313726,0.0948083778966132,714,10103,0.0207859051766802,3,131,80,2650,79,59,1921,7,2,60,45,19,669,NA,NA,NA,NA,NA,NA,NA,NA,NA,45
2020-07-19,414497,38564,27875,792,214,4,75,NA,NA,NA,NA,375933,"9%",NA,NA,661,10110,0.0613684894624455,0.0897681451612903,10771,10689,0.020020581906633,7,135,80,2683,79,63,1930,7,2,60,49,15,693,NA,NA,NA,NA,NA,NA,NA,NA,NA,49
2020-07-20,419267,38907,27950,793,221,7,76,NA,NA,NA,NA,380360,"9%",NA,NA,343,4427,0.0719077568134172,0.0817350392472215,4770,10957,0.0201697544948435,1,135,81,2694,79,64,1932,7,2,60,49,15,702,NA,NA,NA,NA,NA,NA,NA,NA,NA,49
2020-07-21,423221,39419,28307,798,223,2,74,23,39,12,6,383802,"9%",NA,NA,512,3442,0.129489124936773,0.0856113735031726,3954,11112,0.0200683945284377,5,140,84,2707,79,65,1934,7,2,60,54,17,713,NA,NA,NA,NA,NA,NA,NA,NA,NA,54
2020-07-22,427908,39793,28607,808,224,1,71,29,43,14,6,388115,"9%",NA,NA,374,4313,0.0797951781523362,0.0870824931043275,4687,11186,0.0200250312891114,10,143,85,2724,79,65,1951,7,2,61,57,18,712,2,NA,NA,NA,NA,NA,NA,NA,NA,57
2020-07-23,436734,40509,28863,815,232,8,73,33,40,15,2,396225,"9%",NA,NA,716,8110,0.0811239519601178,0.0860754871982109,8826,11646,0.0199210029194573,7,151,88,2766,79,67,1965,7,2,61,65,19,740,5,NA,NA,NA,NA,NA,NA,NA,NA,65
2020-07-24,441256,40960,29148,820,230,-2,72,28,43,13,12,400296,"9%",NA,NA,451,4071,0.099734630694383,0.0874385524526723,4522,11812,0.0194717236708432,5,154,88,2783,79,70,1978,7,2,61,68,16,744,9,NA,NA,NA,NA,NA,NA,NA,NA,68
2020-07-25,447251,41628,29462,826,220,-10,72,30,45,15,6,405623,"9%",NA,NA,668,5327,0.111426188490409,0.0855829982768524,5995,12166,0.0180831826401447,6,163,92,2827,79,75,2022,7,2,61,77,15,744,4,NA,NA,NA,NA,NA,NA,NA,NA,77
2020-07-26,451337,42016,29604,826,226,6,77,34,51,15,9,409321,"9%",NA,NA,388,3698,0.0949583945178659,0.0937024972855592,4086,12412,0.0182081856268128,0,166,95,2841,79,78,2022,7,2,61,80,15,758,3,NA,NA,NA,NA,NA,NA,NA,NA,80
2020-07-27,455737,42422,29727,829,241,15,78,30,56,12,7,413315,"9%",NA,NA,406,3994,0.0922727272727273,0.0963805867836578,4400,12695,0.0189838519102009,3,164,97,2853,79,78,2028,7,2,61,78,17,764,2,NA,NA,NA,NA,NA,NA,NA,NA,78
2020-07-28,458792,42738,30476,836,253,12,75,30,52,11,5,416054,"9%",NA,NA,316,2739,0.103436988543372,0.0933063450563661,3055,12262,0.0206328494535965,7,167,99,2870,80,81,2038,7,2,62,80,16,770,9,NA,NA,NA,NA,NA,NA,NA,NA,80
2020-07-29,463964,43195,31214,844,246,-7,76,23,56,15,5,420769,"9%",NA,NA,457,4715,0.0883604021655066,0.0943532283115154,5172,11981,0.0205325098071947,8,170,100,2898,84,81,2082,7,2,62,79,17,754,1,NA,NA,NA,NA,NA,NA,NA,NA,79
2020-07-30,469563,43730,31736,854,237,-9,76,33,52,14,7,425833,"9%",NA,NA,535,5064,0.0955527772816574,0.0981144719607664,5599,11994,0.01975987993997,10,175,102,2919,88,83,2143,7,2,62,80,17,714,11,NA,NA,NA,NA,NA,NA,NA,1,79
2020-07-31,475497,44474,32495,865,225,-12,71,31,54,14,5,431023,"9%",NA,NA,744,5190,0.125379170879676,0.10262550743261,5934,11979,0.0187828700225394,11,179,106,2953,88,83,2181,7,2,62,84,21,710,3,NA,NA,NA,NA,NA,NA,NA,1,83
2020-08-01,480425,44937,32802,872,242,17,77,36,54,18,9,435488,"9%",NA,NA,463,4465,0.0939529220779221,0.0997467896545487,4928,12135,0.0199423156159868,7,182,111,2971,90,89,2246,7,2,62,85,20,663,9,NA,NA,NA,NA,NA,NA,NA,2,83
2020-08-02,485828,45480,32917,874,231,-11,75,28,51,16,7,440348,"9%",NA,NA,543,4860,0.100499722376458,0.100431996752776,5403,12563,0.0183873278675476,2,187,111,2987,91,92,2253,7,2,62,89,17,672,10,NA,NA,NA,NA,NA,NA,NA,2,87
2020-08-03,488138,45782,33102,878,241,10,78,27,57,18,7,442356,"9%",NA,NA,302,2008,0.130735930735931,0.103700503070893,2310,12680,0.019006309148265,4,187,113,2998,92,94,2260,7,2,62,88,17,676,1,NA,NA,NA,NA,NA,NA,NA,2,86
2020-08-04,491929,45982,33923,885,243,2,75,24,51,14,6,445947,"9%",NA,NA,200,3591,0.0527565286204168,0.0978966110390198,3791,12059,0.0201509246206153,7,189,114,3007,93,96,2326,7,2,62,89,16,619,12,NA,NA,NA,NA,NA,NA,NA,2,87
2020-08-05,497180,46412,34659,893,248,5,77,44,54,14,8,450768,"9%",NA,NA,430,4821,0.0818891639687679,0.09685091522158,5251,11753,0.0211009954905131,8,193,115,3031,103,97,2376,7,2,62,83,16,593,5,NA,NA,NA,NA,NA,NA,NA,2,81
2020-08-06,503657,47020,35468,906,237,-11,68,28,56,15,9,456637,"9%",NA,NA,608,5869,0.0938706191137872,0.0964979175221447,6477,11552,0.0205159279778393,13,199,118,3060,106,101,2419,7,2,62,86,15,579,7,NA,NA,NA,NA,NA,NA,NA,2,84
2020-08-07,510522,47728,36248,912,223,-14,65,33,53,13,9,462794,"9%",NA,NA,708,6157,0.10313182811362,0.0929050678087081,6865,11480,0.0194250871080139,6,206,119,3088,108,103,2456,7,2,63,91,14,569,12,NA,NA,NA,NA,NA,NA,NA,2,89
2020-08-08,514451,48112,36850,925,229,6,58,33,50,11,7,466339,"9%",NA,NA,384,3545,0.0977347925680835,0.093310997472521,3929,11262,0.0203338660983839,13,213,119,3100,109,104,2485,7,2,66,97,13,549,10,NA,NA,NA,NA,NA,NA,NA,2,95
2020-08-09,521382,48732,37086,930,221,-8,57,32,48,12,10,472650,"9%",NA,NA,620,6311,0.0894531813591112,0.0914665016594476,6931,11646,0.018976472608621,5,226,121,3120,111,104,2491,7,2,66,108,15,563,12,NA,NA,NA,NA,NA,NA,NA,2,106
2020-08-10,523928,49000,37247,931,224,3,57,26,46,14,7,474928,"9%",NA,NA,268,2278,0.105263157894737,0.0899133836267114,2546,11753,0.0190589636688505,1,226,121,3128,113,104,2503,7,2,66,106,15,559,9,NA,NA,NA,NA,NA,NA,NA,3,103
2020-08-11,525593,49164,37979,935,244,20,64,34,51,13,10,476429,"9%",NA,NA,164,1501,0.0984984984984985,0.0945223384030418,1665,11185,0.0218149307107734,4,227,121,3134,116,106,2533,7,2,66,104,13,535,5,15,15,5,NA,NA,NA,NA,2,102
2020-08-12,530408,49598,38531,946,243,-1,72,53,51,15,4,480810,"9%",NA,NA,434,4381,0.090134994807892,0.0958829902491874,4815,11067,0.0219571699647601,11,230,125,3161,120,108,2566,7,2,66,103,15,529,4,17,18,10,NA,NA,NA,NA,2,101
2020-08-13,535885,50003,39241,954,261,18,88,38,53,19,8,485882,"9%",NA,NA,405,5072,0.0739455906518167,0.0925592652351992,5477,10762,0.0242519977699312,8,231,129,3189,123,110,2598,7,2,66,101,17,525,6,NA,NA,NA,NA,NA,NA,NA,2,99
2020-08-14,540974,50681,39788,964,258,-3,75,31,61,18,12,490293,"9%",NA,NA,678,4411,0.133228532128119,0.0969722842506239,5089,10893,0.0236849352795373,10,235,132,3217,127,111,2612,7,2,66,101,19,539,4,17,18,12,NA,NA,NA,NA,17,84
2020-08-15,552417,51648,40359,972,261,3,82,33,64,21,11,500769,"9%",NA,NA,967,10476,0.084505811413091,0.0931359637570458,11443,11289,0.0231198511825671,8,242,134,3265,132,114,2648,7,2,66,103,18,551,8,17,18,12,NA,NA,NA,NA,17,86
2020-08-16,558674,52221,40489,975,271,10,80,43,62,19,13,506453,"9%",NA,NA,573,5684,0.0915774332747323,0.0935589402552826,6257,11732,0.0230992158199795,3,243,138,3285,133,116,2651,7,2,66,103,20,568,15,NA,NA,NA,NA,NA,NA,NA,17,86
2020-08-17,561218,52611,40636,975,283,12,85,31,62,20,5,508607,"9%",NA,NA,390,2154,0.153301886792453,0.0968356127648163,2544,11975,0.0236325678496868,0,244,140,3309,133,116,2656,7,2,66,104,22,587,5,3,3,18,NA,NA,NA,NA,18,86
2020-08-18,564443,52918,41487,987,287,4,86,31,59,20,7,511525,"9%",NA,NA,307,2918,0.0951937984496124,0.0966280566280566,3225,11431,0.0251071647274954,12,245,141,3326,138,118,2684,7,2,67,100,21,575,10,NA,NA,NA,NA,NA,NA,NA,18,82
2020-08-19,569961,53483,41940,1002,299,12,90,46,67,25,12,516478,"9%",NA,NA,565,4953,0.102392171076477,0.09822263797942,5518,11543,0.0259031447630599,15,248,143,3362,146,120,2713,7,2,67,95,21,582,4,3,4,19,NA,NA,NA,NA,17,78
2020-08-20,576461,53781,42300,1011,300,1,89,43,64,22,3,522680,"9%",NA,NA,298,6202,0.0458461538461538,0.0931092271293375,6500,11481,0.0261301280376274,9,252,146,3400,150,123,2745,7,2,67,95,21,588,6,4,5,17,NA,NA,NA,NA,17,78
2020-08-21,585489,54650,42809,1016,293,-7,81,43,66,19,11,530839,"9%",NA,NA,869,8159,0.0962560921577315,0.089160956980793,9028,11841,0.0247445317118487,5,257,149,3442,154,128,2781,7,2,67,96,19,594,9,2,3,20,NA,NA,NA,NA,17,79
2020-08-22,591013,55496,43349,1030,268,-25,79,33,66,15,9,535517,"9%",NA,NA,846,4678,0.153149891383056,0.0996994507202819,5524,12147,0.022063060838067,14,260,152,3491,161,134,2805,7,2,69,92,16,617,9,2,3,20,NA,NA,NA,NA,17,75
2020-08-23,595256,56087,43472,1033,260,-8,82,42,59,16,6,539169,"9%",NA,NA,591,3652,0.139288239453217,0.105680389262479,4243,12615,0.0206103844629409,3,265,159,3502,161,134,2814,7,2,69,97,23,619,13,2,3,20,NA,NA,NA,NA,17,80
2020-08-24,597550,56504,43599,1037,275,15,86,37,62,17,8,541046,"9%",NA,NA,417,1877,0.181778552746295,0.107150721127381,2294,12905,0.0213095699341341,4,265,163,3514,163,134,2818,7,2,70,95,27,626,5,NA,NA,NA,NA,NA,NA,NA,17,78
2020-08-25,601441,57049,44301,1047,295,20,82,37,65,14,4,544392,"9%",NA,NA,545,3346,0.140066820868671,0.111654684036975,3891,12748,0.0231408848446815,10,265,163,3514,163,134,2818,7,2,70,95,27,626,1,NA,NA,NA,NA,NA,NA,NA,18,77
2020-08-26,607529,57848,44853,1060,313,18,102,49,65,19,9,549681,"10%",NA,NA,799,5289,0.131241787122208,0.116189310051107,6088,12995,0.0240861869949981,13,269,169,3543,171,136,2868,7,2,72,91,31,603,9,4,4,11,NA,NA,NA,NA,19,72
2020-08-27,614512,59101,45355,1077,305,-8,99,36,63,19,6,555411,"10%",NA,NA,1253,5730,0.179435772590577,0.139812357099682,6983,13746,0.0221882729521315,17,276,172,3589,176,140,2896,7,2,72,93,30,621,8,6,6,24,NA,NA,NA,NA,19,74
2020-08-28,617387,61669,45886,1091,299,-6,91,40,63,14,9,555718,"10%",NA,NA,2568,307,0.893217391304348,0.220045143896169,2875,15783,0.0189444338845593,14,283,183,3644,178,144,2919,7,2,73,98,37,652,9,7,8,44,NA,NA,NA,NA,19,79
2020-08-29,624735,63098,46394,1108,315,16,91,48,65,14,10,561637,"10%",NA,NA,1429,5919,0.194474686989657,0.225431469070636,7348,16704,0.0188577586206897,17,286,194,3709,183,150,2937,7,2,74,96,42,698,8,16,16,75,NA,NA,NA,NA,20,76
2020-08-30,630446,64104,46526,1110,315,0,91,48,57,11,12,566342,"10%",NA,NA,1006,4705,0.176151286990019,0.227820403523728,5711,17578,0.0179201274320173,2,294,199,3762,186,151,2940,7,2,74,101,46,748,20,NA,NA,NA,NA,NA,NA,NA,20,81
2020-08-31,633664,64713,46651,1112,300,-15,85,23,57,11,7,568951,"10%",NA,NA,609,2609,0.189247980111871,0.227307969208617,3218,18062,0.0166094563171299,2,299,203,3788,187,156,2948,7,2,74,105,45,766,7,18,22,78,NA,NA,NA,NA,20,85
2020-09-01,637100,65397,47372,1121,311,11,88,40,63,14,10,571703,"10%",NA,NA,684,2752,0.19906868451688,0.234106396702095,3436,18025,0.017253814147018,9,332,210,3802,192,159,2976,7,2,75,133,49,751,4,42,44,82,NA,NA,NA,NA,5,128
2020-09-02,641492,65991,48004,1125,310,-1,87,62,67,15,15,575501,"10%",NA,NA,594,3798,0.135245901639344,0.239760916291258,4392,17987,0.0172346694835159,4,341,211,3830,197,161,3010,7,2,76,137,48,744,11,50,52,123,NA,NA,NA,NA,5,132
2020-09-03,646904,66618,48509,1134,323,13,88,51,73,17,13,580286,"10%",NA,NA,627,4785,0.115853658536585,0.232063472462336,5412,18109,0.0178364349218621,9,355,213,3846,211,172,3032,7,2,76,137,39,738,7,65,65,126,NA,NA,NA,NA,6,131
2020-09-04,654603,67844,48994,1137,317,-6,87,41,68,16,5,586759,"10%",NA,NA,1226,6473,0.159241459929861,0.165923258813414,7699,18850,0.016816976127321,3,366,217,3904,220,178,3048,7,2,76,139,37,780,10,68,68,125,NA,NA,NA,NA,5,134
2020-09-05,661816,68933,49487,1158,315,-2,94,36,68,19,10,592883,"10%",NA,NA,1089,6124,0.150977401913212,0.157358215797848,7213,19446,0.0161987041036717,21,372,219,3966,222,183,3070,7,2,78,143,34,818,10,78,78,110,NA,NA,NA,NA,6,137
2020-09-06,667907,69754,49656,1165,309,-6,91,52,66,20,9,598153,"10%",NA,NA,821,5270,0.134789032999507,0.150823523130723,6091,20098,0.0153746641456861,7,376,223,3994,223,190,3073,7,2,78,146,31,843,11,75,75,103,NA,NA,NA,NA,11,135
2020-09-07,670523,70260,49863,1167,311,2,99,31,67,16,8,600263,"10%",NA,NA,506,2110,0.193425076452599,0.150492417048753,2616,20397,0.0152473402951414,2,382,224,4022,223,196,3078,7,2,78,152,26,866,7,67,68,101,NA,NA,NA,NA,24,128
2020-09-08,673617,70650,50362,1170,326,15,92,41,74,18,12,602967,"10%",NA,NA,390,2704,0.126050420168067,0.143850809212148,3094,20288,0.0160686119873817,3,387,230,4037,226,196,3112,7,2,79,154,32,846,5,69,69,99,NA,NA,NA,NA,27,127
2020-09-09,676598,71075,50929,1185,322,-4,83,32,77,15,5,605523,"11%",NA,NA,425,2556,0.142569607514257,0.144818549535692,2981,20146,0.0159833217512161,15,388,232,4053,226,196,3112,7,2,79,155,34,862,2,67,67,97,NA,NA,NA,NA,28,127
2020-09-10,681906,71731,51621,1204,302,-20,85,48,72,19,10,610175,"11%",NA,NA,656,4652,0.123587038432555,0.1460773670076,5308,20110,0.0150174042764794,19,400,233,4078,234,207,3173,7,2,81,159,24,824,15,43,43,85,NA,NA,NA,NA,31,128
2020-09-11,688102,72631,52261,1208,281,-21,83,27,62,20,7,615471,"11%",NA,NA,900,5296,0.145255003227889,0.142899788053375,6196,20370,0.0137947962690231,4,414,236,4117,236,210,3209,7,2,81,171,24,827,17,42,43,57,NA,NA,NA,NA,34,137
2020-09-12,694371,73495,52930,1216,290,9,90,50,67,18,12,620876,"11%",NA,NA,864,5405,0.137821024086776,0.140132084165259,6269,20565,0.0141016289812789,8,418,238,4151,239,212,3244,7,2,81,172,24,826,7,26,30,52,NA,NA,NA,NA,47,125
2020-09-13,700464,74299,53117,1218,274,-16,79,36,74,19,13,626165,"11%",NA,NA,804,5289,0.131954702117184,0.13960131461744,6093,21182,0.012935511283165,2,424,239,4168,241,213,3249,7,2,81,176,24,838,6,NA,NA,NA,NA,NA,NA,NA,48,128
2020-09-14,703686,74739,53301,1220,272,-2,75,34,70,16,9,628947,"11%",NA,NA,440,2782,0.136561142147734,0.135060157404336,3222,21438,0.0126877507230152,2,428,244,4179,241,216,3254,7,2,81,180,26,844,13,9,12,39,NA,NA,NA,NA,63,117
2020-09-15,707012,75167,54237,1233,284,12,74,36,72,15,9,631845,"11%",NA,NA,428,2898,0.128683102826218,0.135259769426561,3326,20930,0.0135690396559962,13,436,246,4193,244,218,3288,7,2,81,185,26,824,7,15,15,38,NA,NA,NA,NA,63,122
2020-09-16,712506,75860,54996,1234,291,7,79,44,69,16,11,636646,"11%",NA,NA,693,4801,0.126137604659629,0.133257212877353,5494,20864,0.0139474693251534,1,441,248,4221,249,221,3340,7,2,83,185,25,798,14,20,20,21,NA,NA,NA,NA,62,123
2020-09-17,719629,76967,55725,1248,271,-20,85,34,60,17,8,642662,"11%",NA,NA,1107,6016,0.155412045486452,0.138801261829653,7123,21242,0.0127577440918934,14,447,251,4249,251,223,3373,7,2,84,189,26,792,17,29,29,51,NA,NA,NA,NA,63,126
2020-09-18,725004,77979,56452,1257,281,10,91,55,67,20,21,647025,"11%",NA,NA,1012,4363,0.188279069767442,0.14492439434177,5375,21527,0.0130533748316068,9,452,254,4288,255,227,3407,7,2,84,190,25,797,14,29,29,51,NA,NA,NA,NA,63,127
2020-09-19,732185,79073,57227,1264,282,1,81,34,68,13,7,653112,"11%",NA,NA,1094,6087,0.152346469850996,0.147511503675887,7181,21846,0.012908541609448,7,459,257,4319,258,231,3439,7,2,86,194,24,794,6,NA,NA,NA,NA,NA,NA,NA,65,129
2020-09-20,737979,80009,57511,1265,269,-13,73,46,62,13,12,657970,"11%",NA,NA,936,4858,0.161546427338626,0.152205784352926,5794,22498,0.011956618366077,1,463,258,4339,258,232,3445,7,2,86,198,24,808,18,30,31,49,NA,NA,NA,NA,65,133
2020-09-21,740655,80475,57815,1265,271,2,74,34,65,16,8,660180,"11%",NA,NA,466,2210,0.174140508221226,0.155157023452081,2676,22660,0.0119593998234775,0,462,260,4352,258,234,3450,7,2,86,197,24,816,5,27,28,47,NA,NA,NA,NA,65,132
2020-09-22,744666,81081,59162,1284,285,14,72,37,74,17,10,663585,"11%",NA,NA,606,3405,0.151084517576664,0.157061666755192,4011,21919,0.0130024179935216,19,468,262,4375,265,234,3491,7,2,86,196,26,798,1,25,26,60,NA,NA,NA,NA,65,131
2020-09-23,750122,81794,60285,1293,301,16,77,59,71,17,12,668328,"11%",NA,NA,713,4743,0.130681818181818,0.157752020416844,5456,21509,0.0139941419870752,9,472,264,4401,272,238,3543,7,2,88,193,24,770,15,31,32,66,NA,NA,NA,NA,64,129
2020-09-24,757067,83098,61452,1298,305,4,79,56,77,22,14,673969,"11%",NA,NA,1304,5641,0.18776097912167,0.163764089962071,6945,21646,0.0140903631155872,5,476,265,4423,284,239,3600,7,2,88,185,24,735,8,28,28,66,NA,NA,NA,NA,71,114
2020-09-25,763690,84160,62574,1303,330,25,87,69,81,21,15,679530,"11%",NA,NA,1062,5561,0.160350294428507,0.159773561495115,6623,21586,0.0152876864634485,5,484,268,4442,289,242,3676,7,2,88,188,24,678,11,20,20,61,NA,NA,NA,NA,66,122
2020-09-26,771755,85422,65442,1311,334,4,84,57,85,20,12,686333,"11%",NA,NA,1262,6803,0.156478611283323,0.160449835734142,8065,19980,0.0167167167167167,8,491,270,4482,312,249,3718,7,2,90,172,19,674,8,13,13,55,NA,NA,NA,NA,69,103
2020-09-27,777570,86191,65767,1314,343,9,89,57,90,23,19,691379,"11%",NA,NA,769,5046,0.132244196044712,0.156146598974514,5815,20424,0.0167939678809244,3,494,271,4495,315,250,3723,7,2,90,172,19,682,14,NA,NA,NA,NA,NA,NA,NA,71,101
2020-09-28,785124,86661,66162,1316,353,10,96,51,88,23,11,698463,"11%",NA,NA,470,7084,0.0622186920836643,0.13910814275113,7554,20499,0.017220352212303,2,495,271,4503,316,252,3734,7,2,90,172,17,679,13,8,8,39,NA,NA,NA,NA,71,101
2020-09-29,789287,87304,67359,1324,376,23,97,59,87,23,11,701983,"11%",NA,NA,643,3520,0.154455921210665,0.139463481320454,4163,19945,0.0188518425670594,8,502,276,4510,343,253,3775,7,2,90,152,21,645,12,7,7,34,NA,NA,NA,NA,68,84
2020-09-30,797138,88555,68365,1342,390,14,100,61,99,27,20,708583,"11%",NA,NA,1251,6600,0.159342758884219,0.143802109920027,7851,20190,0.0193164933135215,18,508,279,4547,356,256,3826,7,2,92,145,21,629,8,7,7,29,NA,NA,NA,NA,54,91
2020-10-01,802646,89425,69528,1358,407,17,104,53,97,30,10,713221,"11%",NA,NA,870,4638,0.157952069716776,0.138813927466596,5508,19897,0.0204553450268885,16,513,281,4567,377,259,3878,7,2,92,129,20,597,12,7,7,26,NA,NA,NA,NA,55,74
2020-10-02,809262,90528,70383,1366,393,-14,95,66,95,25,13,718734,"11%",NA,NA,1103,5513,0.166717049576784,0.139734924953919,6616,20145,0.0195085629188384,8,516,283,4592,382,261,3924,7,2,92,127,20,576,15,4,4,19,NA,NA,NA,NA,41,86
2020-10-03,815884,91693,71293,1377,402,9,100,58,103,28,14,724191,"11%",NA,NA,1165,5457,0.17592872244035,0.142106098030773,6622,20400,0.0197058823529412,11,519,289,4617,391,264,3962,7,2,92,121,23,563,6,4,4,18,NA,NA,NA,NA,40,81
2020-10-04,821403,92544,71581,1381,392,-10,104,58,101,29,19,728859,"11%",NA,NA,851,4668,0.1541946004711,0.144936463395159,5519,20963,0.018699613604923,4,525,293,4644,392,264,3964,7,2,93,126,27,587,21,3,3,13,NA,NA,NA,NA,40,86
2020-10-05,823766,92843,71785,1387,398,6,99,54,103,25,17,730923,"11%",NA,NA,299,2064,0.126534066864156,0.159981367424046,2363,21058,0.0189001804539842,6,527,292,4648,394,264,3970,7,2,94,126,26,584,15,3,3,13,NA,NA,NA,NA,39,87
2020-10-06,827172,93380,72139,1398,413,15,104,61,103,26,10,733792,"11%",NA,NA,537,2869,0.157662947739284,0.160380097663983,3406,21241,0.0194435290240572,11,527,293,4664,397,264,3978,7,2,94,123,27,592,10,2,2,9,NA,NA,NA,NA,39,84
2020-10-07,832909,94342,73237,1414,444,31,104,97,99,26,16,738567,"11%",NA,NA,962,4775,0.167683458253443,0.161779094797462,5737,21105,0.0210376687988628,16,531,301,4707,403,267,4024,7,2,95,121,32,588,20,2,2,11,NA,NA,NA,NA,37,84
2020-10-08,841904,95850,74166,1419,449,5,112,63,105,28,18,746054,"11%",NA,NA,1508,7487,0.167648693718733,0.163660909878241,8995,21684,0.020706511713706,5,534,304,4746,413,267,4050,7,2,95,114,35,601,12,3,3,18,NA,NA,NA,NA,38,76
2020-10-09,847954,96852,74993,1433,461,12,104,77,111,26,21,751102,"11%",NA,NA,1002,5048,0.165619834710744,0.163444639718805,6050,21859,0.0210897113317169,14,541,307,4794,420,273,4079,7,2,95,114,32,620,15,4,4,26,NA,NA,NA,NA,38,76
2020-10-10,855352,98305,75930,1454,450,-11,101,63,113,28,23,757047,"11%",NA,NA,1453,5945,0.196404433630711,0.167528124049863,7398,22375,0.0201117318435754,21,555,318,4854,426,275,4103,7,2,96,122,41,655,21,NA,NA,NA,NA,NA,NA,NA,38,84
2020-10-11,861858,99619,76254,1460,438,-12,100,63,101,20,11,762239,"12%",NA,NA,1314,5192,0.201967414694128,0.174885675441849,6506,23365,0.0187459875882731,6,563,322,4912,427,285,4108,7,2,96,129,35,708,23,NA,NA,NA,NA,NA,NA,NA,38,91
2020-10-12,864454,100043,76491,1462,449,11,109,53,100,21,13,764411,"12%",NA,NA,424,2172,0.163328197226502,0.176956350766811,2596,23552,0.0190641983695652,2,564,322,4920,429,285,4112,7,2,96,128,35,712,14,6,6,24,NA,NA,NA,NA,26,102
2020-10-13,867390,100562,78027,1481,463,14,114,62,100,19,16,766828,"12%",NA,NA,519,2417,0.176771117166213,0.178576756676115,2936,22535,0.0205458176170402,19,569,322,4931,441,292,4150,7,2,96,121,28,685,16,7,7,30,NA,NA,NA,NA,18,103
2020-10-14,872496,101628,79022,1491,473,10,106,74,104,22,16,770868,"12%",NA,NA,1066,4040,0.208773991382687,0.184050319549347,5106,22606,0.0209236485888702,10,576,324,4967,448,294,4188,7,2,96,121,28,683,12,8,8,32,NA,NA,NA,NA,12,109
2020-10-15,879098,103015,80076,1505,482,9,107,66,102,20,17,776083,"12%",NA,NA,1387,5215,0.21008785216601,0.192638597623273,6602,22939,0.0210122498801168,14,583,326,5008,455,295,4219,7,2,96,121,29,693,19,8,8,36,NA,NA,NA,NA,9,112
2020-10-16,886557,104552,80486,1521,468,-14,105,66,94,17,15,782005,"12%",NA,NA,1537,5922,0.206059793538008,0.199466362717923,7459,24066,0.0194465220643231,16,594,333,5075,457,304,4245,7,2,96,130,27,734,23,8,8,62,NA,NA,NA,NA,7,123
2020-10-17,893668,106047,81468,1524,461,-7,104,55,97,17,14,787621,"12%",NA,NA,1495,5616,0.210237659963437,0.202056582106692,7111,24579,0.0187558484885471,3,605,337,5130,462,304,4281,7,2,96,136,31,753,11,NA,NA,NA,NA,NA,NA,NA,8,128
2020-10-18,898873,107062,81781,1528,475,14,108,84,103,19,21,791811,"12%",NA,NA,1015,4190,0.195004803073967,0.201080642982575,5205,25281,0.018788813733634,4,611,340,5167,464,304,4286,7,2,96,140,34,785,15,5,5,63,NA,NA,NA,NA,11,129
2020-10-19,901734,107562,82046,1532,480,5,113,63,97,19,11,794172,"12%",NA,NA,500,2361,0.174764068507515,0.20168991416309,2861,25516,0.0188117259758583,4,611,342,5176,465,304,4300,7,2,96,139,36,780,17,3,3,60,NA,NA,NA,NA,9,130
2020-10-20,905212,108176,83416,1548,501,21,122,71,106,24,19,797036,"12%",NA,NA,614,2864,0.176538240368028,0.201311406059965,3478,24760,0.0202342487883683,16,614,344,5195,469,317,4326,8,2,96,137,25,773,10,5,5,70,NA,NA,NA,NA,8,129
2020-10-21,910774,109313,84604,1576,534,33,134,90,116,28,21,801461,"12%",NA,NA,1137,4425,0.204422869471413,0.200768065207169,5562,24709,0.0216115585414222,28,625,347,5269,476,319,4345,9,2,96,140,26,828,11,6,6,52,NA,NA,NA,NA,8,132
2020-10-22,917195,110779,85593,1594,530,-4,135,85,124,31,29,806416,"12%",NA,NA,1466,4955,0.228313346830712,0.203795574454681,6421,25186,0.0210434368299849,18,630,352,5314,481,319,4366,9,2,98,140,31,850,21,7,7,57,NA,NA,NA,NA,8,132
2020-10-23,923998,112346,86520,1617,536,6,134,78,129,28,20,811652,"12%",NA,NA,1567,5236,0.230339556078201,0.208167516893245,6803,25826,0.0207542786339348,23,644,356,5402,486,320,4389,9,2,98,149,34,915,15,7,7,61,NA,NA,NA,NA,9,140
2020-10-24,931803,114462,87448,1629,545,9,130,101,122,28,26,817341,"12%",NA,NA,2116,5689,0.271108263933376,0.220663432542284,7805,27014,0.0201747242170726,12,660,362,5498,489,323,4410,9,2,98,162,37,990,33,NA,NA,NA,NA,NA,NA,NA,9,153
2020-10-25,936811,115775,87711,1634,541,-4,119,85,112,23,21,821036,"12%",NA,NA,1313,3695,0.262180511182109,0.229664188939849,5008,28064,0.0192773660205245,5,669,373,5561,490,329,4415,9,2,98,170,42,1048,31,NA,NA,NA,NA,NA,NA,NA,10,160
2020-10-26,939205,116350,87970,1635,561,20,129,73,112,23,13,822855,"12%",NA,NA,575,1819,0.240183792815372,0.234528035013744,2394,28380,0.0197674418604651,1,672,378,5575,491,332,4422,9,2,98,172,44,1055,13,7,7,65,NA,NA,NA,NA,10,162
2020-10-27,944005,117619,89402,1657,564,3,128,78,124,25,25,826386,"12%",NA,NA,1269,3531,0.264375,0.243420204676101,4800,28217,0.0199879505262785,22,677,384,5650,500,336,4452,9,2,98,168,46,1100,13,10,10,70,NA,NA,NA,NA,9,159
2020-10-28,948490,119187,90406,1679,596,32,136,113,132,27,26,829303,"13%",NA,NA,1568,2917,0.349609810479376,0.261798706119419,4485,28781,0.0207081060421806,22,691,389,5756,508,338,4489,9,3,101,174,48,1166,18,13,13,76,NA,NA,NA,NA,9,165
2020-10-29,956356,121742,91376,1691,605,9,135,113,135,28,30,834614,"13%",NA,NA,2555,5311,0.324815662344266,0.279946885932433,7866,30366,0.019923598761773,12,707,402,5910,511,345,4511,9,3,102,187,54,1297,NA,NA,NA,NA,NA,NA,NA,NA,NA,NA
