"date","hospital_onset_covid","inpatient_beds_used_covid","previous_day_admission_adult_covid_confirmed","previous_day_admission_adult_covid_suspected","previous_day_admission_pediatric_covid_confirmed","previous_day_admission_pediatric_covid_suspected","staffed_icu_adult_patients_confirmed_and_suspected_covid","staffed_icu_adult_patients_confirmed_covid","total_adult_patients_hospitalized_confirmed_and_suspected_covid","total_adult_patients_hospitalized_confirmed_covid","total_pediatric_patients_hospitalized_confirmed_and_suspected_covid","total_pediatric_patients_hospitalized_confirmed_covid","percent_of_inpatients_with_covid","percent_of_inpatients_with_covid_numerator","percent_of_inpatients_with_covid_denominator","inpatient_bed_covid_utilization","inpatient_bed_covid_utilization_numerator","inpatient_bed_covid_utilization_denominator","adult_icu_bed_covid_utilization","adult_icu_bed_covid_utilization_numerator","adult_icu_bed_covid_utilization_denominator","previous_day_admission_adult_covid_confirmed_18_19","previous_day_admission_adult_covid_confirmed_20_29","previous_day_admission_adult_covid_confirmed_30_39","previous_day_admission_adult_covid_confirmed_40_49","previous_day_admission_adult_covid_confirmed_50_59","previous_day_admission_adult_covid_confirmed_60_69","previous_day_admission_adult_covid_confirmed_70_79","previous_day_admission_adult_covid_confirmed_80_","previous_day_admission_adult_covid_confirmed_unknown","previous_day_admission_adult_covid_suspected_18_19","previous_day_admission_adult_covid_suspected_20_29","previous_day_admission_adult_covid_suspected_30_39","previous_day_admission_adult_covid_suspected_40_49","previous_day_admission_adult_covid_suspected_50_59","previous_day_admission_adult_covid_suspected_60_69","previous_day_admission_adult_covid_suspected_70_79","previous_day_admission_adult_covid_suspected_80","previous_day_admission_adult_covid_suspected_unknown","deaths_covid","previous_day_deaths_covid_and_influenza","total_patients_hospitalized_confirmed_influenza_and_covid","previous_day_admission_pediatric_covid_confirmed_0_4","previous_day_admission_pediatric_covid_confirmed_12_17","previous_day_admission_pediatric_covid_confirmed_5_11","previous_day_admission_pediatric_covid_confirmed_unknown","staffed_icu_pediatric_patients_confirmed_covid","total_ICU"
"4/25/2022",7,79,16,10,0,2,7,6,79,71,0,0,0.016723116,79,4724,0.010751225,79,7348,0.012773723,7,548,0,0,4,1,1,0,4,6,0,0,1,1,1,2,3,1,1,0,0,0,0,NA,NA,NA,NA,NA,NA
"4/26/2022",6,94,16,6,0,2,9,9,90,79,4,3,0.021095153,94,4456,0.013102871,94,7174,0.016605166,9,542,0,3,1,1,1,2,4,4,0,0,1,3,0,1,0,1,0,0,0,0,1,NA,NA,NA,NA,NA,NA
"4/27/2022",7,84,19,4,0,1,6,6,82,73,2,2,0.01790663,84,4691,0.011717115,84,7169,0.010909091,6,550,0,2,2,0,2,3,2,8,0,0,0,0,1,0,3,0,0,0,0,0,1,NA,NA,NA,NA,NA,NA
"4/28/2022",6,93,17,6,0,2,9,9,89,78,4,3,0.020880108,93,4454,0.013059963,93,7121,0.016605166,9,542,0,4,1,1,1,2,4,4,0,0,1,3,0,1,0,1,0,0,0,0,1,NA,NA,NA,NA,NA,NA
"4/29/2022",8,88,19,5,2,3,9,9,83,75,5,3,0.018062397,88,4872,0.011979308,88,7346,0.016393443,9,549,0,1,0,1,4,5,2,6,0,0,0,2,2,0,0,0,1,0,0,0,0,NA,NA,NA,NA,NA,NA
"4/30/2022",6,90,18,6,0,4,9,8,85,80,5,2,0.018824514,90,4781,0.012283336,90,7327,0.016544118,9,544,0,0,1,2,2,5,2,6,0,0,0,0,0,2,0,2,1,1,0,0,0,NA,NA,NA,NA,NA,NA
"5/1/2022",6,93,18,11,0,5,9,8,88,82,5,1,0.0199528,93,4661,0.012751954,93,7293,0.016605166,9,542,0,0,0,1,4,6,3,4,0,1,0,0,0,4,1,3,1,1,1,0,0,NA,NA,NA,NA,NA,NA
"5/3/2022",5,91,18,3,1,1,8,8,88,83,3,2,0.020389872,91,4463,0.012968505,91,7017,0.01459854,8,548,0,1,2,1,3,3,1,6,1,0,0,1,0,0,0,0,2,0,2,0,0,NA,NA,NA,NA,NA,NA
"5/4/2022",5,86,21,8,1,2,9,9,80,76,6,3,0.018909411,86,4548,0.01221244,86,7042,0.016363636,9,550,1,2,2,1,1,2,2,9,1,0,2,2,0,2,0,2,0,0,1,0,0,NA,NA,NA,NA,NA,NA
"5/5/2022",5,89,31,2,1,0,11,11,84,80,5,5,0.018027142,89,4937,0.012148512,89,7326,0.016975309,11,648,0,3,1,2,2,5,13,5,0,0,0,2,0,0,0,0,0,0,1,0,0,NA,NA,NA,NA,NA,NA
"5/7/2022",6,103,25,4,1,0,12,11,98,90,5,4,0.021360431,103,4822,0.014150295,103,7279,0.021978022,12,546,0,3,0,3,5,5,3,5,1,0,0,0,0,0,2,1,1,0,1,0,0,NA,NA,NA,NA,NA,NA
"5/8/2022",6,105,24,7,1,0,14,10,99,89,6,5,0.02234518,105,4699,0.014442916,105,7270,0.025641026,14,546,0,3,1,1,4,5,5,4,1,0,0,1,0,0,2,3,1,0,1,0,0,NA,NA,NA,NA,NA,NA
"5/9/2022",6,102,25,4,0,0,13,11,97,86,5,4,0.021446594,102,4756,0.014018692,102,7276,0.023722628,13,548,0,5,1,1,3,5,4,5,1,0,0,0,0,0,2,1,1,0,1,0,0,NA,NA,NA,NA,NA,NA
"5/10/2022",7,116,14,5,0,0,18,16,108,99,8,7,0.026079137,116,4448,0.016463242,116,7046,0.032967033,18,546,0,4,1,0,1,1,2,5,0,0,2,0,0,0,1,1,1,0,0,0,0,NA,NA,NA,NA,NA,NA
"5/12/2022",8,131,31,11,4,2,18,19,120,119,11,10,0.025736739,131,5090,0.017857143,131,7336,0.032727273,18,550,0,3,1,2,4,7,5,8,1,0,1,1,2,2,0,3,1,1,1,0,0,NA,NA,NA,NA,NA,NA
"5/13/2022",7,139,30,5,3,1,14,15,129,126,10,9,0.027313814,139,5089,0.0189787,139,7324,0.025641026,14,546,0,2,0,1,3,4,9,8,3,0,1,1,1,2,0,0,0,0,0,0,0,NA,NA,NA,NA,NA,NA
"5/14/2022",8,137,27,6,3,7,12,13,128,124,9,7,0.027307156,137,5017,0.018713291,137,7321,0.022181146,12,541,0,2,3,2,4,3,6,6,1,0,0,2,2,0,1,0,1,0,1,0,0,NA,NA,NA,NA,NA,NA
"5/16/2022",8,132,26,3,2,2,13,12,123,119,9,7,0.026966292,132,4895,0.018092105,132,7296,0.024074074,13,540,0,2,4,1,4,1,7,6,1,0,0,0,1,0,1,0,1,0,1,0,0,NA,NA,NA,NA,NA,NA
"5/17/2022",9,152,25,9,1,3,22,22,147,141,5,4,0.033680479,152,4513,0.022060958,152,6890,0.040740741,22,540,0,2,0,1,1,4,6,11,0,0,1,1,0,1,0,2,4,0,0,0,0,NA,NA,NA,NA,NA,NA
"5/19/2022",6,151,34,6,1,2,17,17,143,139,8,4,0.03002585,151,5029,0.020798898,151,7260,0.032075472,17,530,0,2,2,4,2,5,11,7,1,0,1,1,1,0,0,1,2,0,1,0,0,NA,NA,NA,NA,NA,NA
"5/20/2022",6,146,26,12,1,2,18,18,137,133,9,6,0.028997021,146,5035,0.020176893,146,7236,0.03358209,18,536,1,2,3,1,5,4,3,7,0,0,1,1,2,0,6,0,2,0,1,0,0,NA,NA,NA,NA,NA,NA
"5/21/2022",6,138,34,10,1,1,13,13,129,129,9,8,0.028157519,138,4901,0.01907131,138,7236,0.024299065,13,535,2,3,1,2,3,1,14,8,0,1,2,2,1,1,1,1,1,0,1,0,0,NA,NA,NA,NA,NA,NA
"5/22/2022",6,140,30,9,0,2,14,14,131,128,9,7,0.028612303,140,4893,0.01936912,140,7228,0.026315789,14,532,1,2,1,1,2,1,10,12,0,1,3,1,0,1,1,1,1,0,2,0,0,NA,NA,NA,NA,NA,NA
"5/24/2022",6,146,25,4,2,1,16,15,139,138,7,6,0.031567568,146,4625,0.020946915,146,6970,0.02962963,16,540,0,1,1,1,1,7,3,9,2,0,0,1,0,2,1,0,0,0,1,0,0,NA,NA,NA,NA,NA,NA
"5/25/2022",6,139,36,3,1,1,13,13,132,133,7,5,0.029073416,139,4781,0.019638316,139,7078,0.023897059,13,544,0,12,5,2,3,3,5,5,1,0,0,0,1,0,0,1,1,0,2,0,0,NA,NA,NA,NA,NA,NA
"5/26/2022",7,140,25,1,0,0,12,13,134,137,6,6,0.027263875,140,5135,0.019073569,140,7340,0.022058824,12,544,0,1,4,1,0,8,3,8,0,0,0,0,0,0,0,1,0,0,1,0,0,NA,NA,NA,NA,NA,NA
"5/27/2022",6,138,22,3,0,0,22,22,133,136,5,4,0.027213567,138,5071,0.018867925,138,7314,0.040441176,22,544,0,1,2,1,0,5,6,7,0,0,1,0,0,0,1,0,1,0,0,0,0,NA,NA,NA,NA,NA,NA
"5/28/2022",9,147,40,1,3,1,17,18,139,134,8,6,0.02880094,147,5104,0.020148026,147,7296,0.03125,17,544,0,5,1,1,3,4,6,18,2,0,0,0,0,0,0,0,1,0,0,0,0,NA,NA,NA,NA,NA,NA
"5/29/2022",8,135,41,1,2,0,17,17,129,124,6,6,0.027322404,135,4941,0.018543956,135,7280,0.03125,17,544,0,6,0,0,4,4,7,18,2,0,0,0,0,0,0,0,1,0,0,0,0,NA,NA,NA,NA,NA,NA
"5/30/2022",8,146,42,1,2,1,21,22,138,138,8,6,0.029783762,146,4902,0.020146267,146,7247,0.038888889,21,540,0,5,1,0,3,4,7,20,2,0,0,0,0,0,0,0,1,0,0,0,0,NA,NA,NA,NA,NA,NA
"5/31/2022",9,147,46,3,3,3,18,18,138,138,9,7,0.031230083,147,4707,0.020818581,147,7061,0.033395176,18,539,0,5,1,1,5,5,9,18,2,0,0,0,0,1,0,1,1,0,0,0,0,NA,NA,NA,NA,NA,NA
"6/1/2022",7,180,27,10,0,2,24,21,173,169,7,5,0.041580042,180,4329,0.025959042,180,6934,0.044776119,24,536,0,0,3,4,0,5,7,7,1,0,2,0,0,2,1,4,1,0,0,0,0,NA,NA,NA,NA,NA,NA
"6/2/2022",7,177,41,12,2,1,20,20,172,171,5,4,0.035800971,177,4944,0.024518631,177,7219,0.036630037,20,546,0,2,2,0,7,6,9,14,1,0,2,0,0,3,3,2,2,0,3,0,0,NA,NA,NA,NA,NA,NA
"6/3/2022",6,192,34,8,6,2,19,18,178,173,14,13,0.038308061,192,5012,0.026537664,192,7235,0.034798535,19,546,0,1,1,3,2,4,12,7,4,0,0,1,1,2,1,2,1,0,1,0,0,5,1,0,0,1,19
"6/4/2022",5,165,25,16,1,0,20,20,159,157,6,6,0.033957604,165,4859,0.022802653,165,7236,0.036697248,20,545,1,2,1,1,3,3,6,7,1,0,1,4,0,3,4,2,2,0,2,0,0,1,0,0,0,1,21
"6/5/2022",5,165,25,16,1,0,20,20,159,157,6,6,0.033957604,165,4859,0.022802653,165,7236,0.036697248,20,545,1,2,1,1,3,3,6,7,1,0,1,4,0,3,4,2,2,0,2,0,0,1,0,0,0,1,21
"6/6/2022",6,171,26,14,2,0,22,21,164,164,7,7,0.035315985,171,4842,0.023644912,171,7232,0.040366972,22,545,1,2,1,1,2,6,5,7,1,0,1,4,0,2,4,1,2,0,2,0,0,2,0,0,0,1,22
"6/7/2022",5,169,28,6,0,1,21,20,159,162,10,9,0.038788157,169,4357,0.024915229,169,6783,0.039548023,21,531,0,0,2,2,3,1,9,11,0,0,1,1,0,0,2,1,1,0,216,0,0,0,0,0,0,1,21
"6/8/2022",5,167,29,8,0,0,22,21,158,158,9,9,0.036194192,167,4614,0.024084223,167,6934,0.041275797,22,533,0,1,1,1,5,3,10,8,0,0,1,1,2,2,0,2,0,0,1,0,0,0,0,0,0,1,22
"6/9/2022",5,174,32,8,1,1,25,23,162,154,12,9,0.035130224,174,4953,0.02406639,174,7230,0.046125461,25,542,0,0,1,4,3,3,10,11,0,0,1,1,2,1,1,1,1,0,2,0,0,0,0,0,1,1,24
"6/10/2022",6,162,33,14,1,4,27,26,152,150,10,7,0.033135611,162,4889,0.022412839,162,7228,0.049907579,27,541,0,3,5,3,3,2,8,8,1,0,0,0,0,0,0,1,12,1,0,0,0,0,0,1,0,1,27
"6/11/2022",8,165,34,17,1,4,24,23,157,156,8,6,0.033776868,165,4885,0.022827892,165,7228,0.044444444,24,540,0,4,0,1,5,5,6,13,0,1,1,0,0,1,1,0,13,0,0,0,0,1,0,0,0,1,24
"6/12/2022",7,160,35,17,0,2,23,22,155,153,5,4,0.033812342,160,4732,0.022240756,160,7194,0.042592593,23,540,0,3,1,2,6,4,7,12,0,1,0,0,0,1,1,1,13,0,0,0,0,0,0,0,0,1,23
"6/13/2022",7,162,25,16,1,2,25,24,156,156,6,5,0.034040765,162,4759,0.022590991,162,7171,0.046125461,25,542,0,2,2,1,6,1,5,8,0,1,0,0,1,0,1,1,12,0,0,0,0,0,1,0,0,0,24
"6/14/2022",10,164,34,1,1,1,23,21,160,163,4,4,0.037162928,164,4413,0.024185223,164,6781,0.042910448,23,536,0,3,2,2,5,6,6,10,0,0,0,0,0,0,0,0,1,0,0,0,0,1,0,0,0,0,21
"2022-06-15",8,186,35,12,1,3,26,25,179,178,7,5,0.039735099337748,186,4681,0.02700740525628,186,6887,0.048872180451128,26,532,0,3,4,4,0,5,6,12,1,4,2,3,1,0,1,1,0,0,0,0,1,0,1,0,0,1,26
"2022-06-16",8,262,39,7,1,1,28,21,257,168,5,4,0.053688524590164,262,4880,0.036911806142575,262,7098,0.052336448598131,28,535,1,9,2,3,7,3,6,8,0,0,0,0,0,0,1,2,3,1,0,0,1,0,0,0,1,0,21
"2022-06-17",8,162,27,6,2,3,20,21,154,155,8,7,0.032471437161756,162,4989,0.022625698324022,162,7160,0.037243947858473,20,537,0,2,1,4,2,3,7,8,0,0,3,0,0,1,2,0,0,0,1,0,1,1,1,0,0,0,21
"2022-06-18",8,171,39,5,1,1,18,19,163,167,8,7,0.034282277465918,171,4988,0.023852699121216,171,7169,0.033582089552239,18,536,0,1,1,2,4,8,8,14,1,1,1,0,0,2,1,0,0,0,2,0,1,0,1,0,0,1,20
"2022-06-19",9,171,38,6,2,0,19,20,163,165,8,8,0.034741974806989,171,4922,0.023889354568315,171,7158,0.035781544256121,19,531,0,1,1,2,4,7,6,14,3,1,1,0,0,2,1,1,0,0,1,0,1,0,1,1,0,1,21
"2022-06-20",9,171,40,4,1,0,19,21,164,166,7,7,0.035112936344969,171,4870,0.023906053404166,171,7153,0.035781544256121,19,531,0,2,1,2,3,7,9,15,1,1,1,0,0,1,1,0,0,0,1,0,1,0,1,0,0,1,22
"2022-06-21",7,177,23,7,0,1,18,20,172,172,5,5,0.040318906605923,177,4390,0.026056234358899,177,6793,0.033707865168539,18,534,0,0,1,0,3,1,8,10,0,0,3,0,1,1,1,0,1,0,1,0,1,0,0,0,0,1,21
"2022-06-22",8,184,38,9,1,2,15,17,177,177,7,5,0.03952738990333,184,4655,0.026601127656498,184,6917,0.027624309392265,15,543,1,1,1,4,3,5,6,16,1,0,0,0,0,1,4,0,2,2,0,0,1,1,0,0,0,1,18
"2022-06-23",8,179,29,8,7,0,13,14,167,167,12,11,0.036205501618123,179,4944,0.024982554082345,179,7165,0.023897058823529,13,544,0,2,1,0,3,7,2,11,3,0,0,1,2,0,0,0,5,0,0,0,1,3,2,1,1,1,15
"2022-06-24",9,186,37,11,2,0,11,14,174,174,12,10,0.038044589895684,186,4889,0.026010348203049,186,7151,0.02037037037037,11,540,0,3,1,2,6,4,7,13,1,1,1,1,1,0,3,2,2,0,0,0,1,1,0,1,0,2,16
"2022-06-25",10,173,30,6,1,0,12,10,163,160,10,8,0.035407286123618,173,4886,0.024216125419933,173,7144,0.022304832713755,12,538,0,4,1,1,1,4,9,9,1,1,0,1,0,1,0,2,1,0,1,0,1,1,0,0,0,0,10
"2022-06-26",10,185,43,7,1,1,10,10,171,168,14,8,0.038485541918036,185,4807,0.025939427930454,185,7132,0.018621973929236,10,537,1,4,2,1,2,5,16,11,1,1,0,1,0,1,0,3,1,0,1,0,1,1,0,0,0,0,10
"2022-06-27",10,177,30,6,2,0,13,12,169,164,8,7,0.036975141006894,177,4787,0.024884015183467,177,7113,0.02434456928839,13,534,1,3,2,1,1,3,10,8,1,1,0,1,0,1,0,2,1,0,1,0,1,2,0,0,0,0,12
"2022-06-28",10,178,27,1,5,1,13,13,173,174,5,5,0.040546697038724,178,4390,0.026311899482631,178,6765,0.023722627737226,13,548,1,1,3,2,2,7,4,6,1,0,0,0,0,0,1,0,0,0,3,0,0,3,2,0,0,0,13
"2022-06-29",5,162,41,6,0,0,14,15,159,157,3,3,0.03723282004137,162,4351,0.024309723889556,162,6664,0.028865979381443,14,485,0,3,3,1,3,7,11,13,0,0,0,1,0,2,1,1,1,0,1,0,0,0,0,0,0,0,15
"2022-06-30",8,189,45,12,5,2,17,20,178,180,11,9,0.039564580280511,189,4777,0.026953793496863,189,7012,0.031775700934579,17,535,0,4,6,2,7,8,7,9,2,0,1,2,1,1,1,4,1,1,0,0,0,3,0,1,1,0,20
"2022-07-01",6,183,37,12,0,0,16,17,176,173,7,7,0.038252508361204,183,4784,0.025876696832579,183,7072,0.029850746268657,16,536,1,5,1,1,5,7,4,12,1,0,3,1,1,3,2,1,1,0,3,0,0,0,0,0,0,0,17
"2022-07-03",5,188,33,11,1,1,14,13,181,181,7,6,0.041437072955698,188,4537,0.026527444616904,188,7087,0.026070763500931,14,537,0,0,1,1,4,3,10,14,0,1,0,1,3,0,3,3,0,0,2,0,0,1,0,0,0,0,13
"2022-07-04",5,202,37,14,0,0,15,13,195,191,7,6,0.044918834778741,202,4497,0.028595696489241,202,7064,0.027985074626866,15,536,0,2,2,0,4,4,8,17,0,0,1,1,2,1,4,3,1,1,2,0,0,0,0,0,0,0,13
"2022-07-05",5,190,26,9,0,1,15,14,182,182,8,7,0.044559099437148,190,4264,0.02758020031935,190,6889,0.027829313543599,15,539,0,0,0,0,3,2,7,14,0,0,0,1,2,0,3,3,0,0,2,0,0,0,0,0,0,0,14
"2022-07-06",8,186,31,8,3,0,19,17,180,177,6,6,0.04331625523987,186,4294,0.027276726792785,186,6819,0.035647279549719,19,533,0,1,0,0,2,5,9,13,1,0,1,1,1,1,0,2,2,0,0,0,0,2,0,0,1,2,19
"2022-07-07",8,186,30,8,1,0,18,18,178,174,8,8,0.03982869379015,186,4670,0.026345609065156,186,7060,0.033395176252319,18,539,0,3,2,2,4,6,6,7,0,0,1,1,1,0,0,3,2,0,0,0,0,1,0,0,0,3,21
"2022-07-08",9,221,43,12,4,1,21,21,210,208,11,11,0.045277607047736,221,4881,0.030827172548473,221,7169,0.038961038961039,21,539,0,2,2,3,4,5,12,15,0,0,2,1,1,2,2,2,2,0,1,0,0,2,0,1,1,3,24
"2022-07-09",8,222,41,7,4,1,20,20,214,212,8,8,0.045848822800496,222,4842,0.030841900527924,222,7198,0.037313432835821,20,536,0,2,3,1,3,9,9,13,1,0,0,0,0,2,2,1,2,0,0,0,0,3,1,0,0,3,23
"2022-07-10",10,212,43,7,3,0,21,21,205,203,7,7,0.045077610036147,212,4703,0.029444444444444,212,7200,0.039252336448598,21,535,0,3,4,1,4,9,10,11,1,0,0,0,0,2,2,1,2,0,2,0,0,2,1,0,0,3,24
"2022-07-11",12,219,48,7,3,0,20,20,213,211,6,6,0.046516567544605,219,4708,0.030416666666667,219,7200,0.037383177570093,20,535,0,2,7,1,3,11,10,13,1,0,0,0,0,2,2,1,2,0,0,0,0,2,1,0,0,3,23
"2022-07-12",8,230,42,11,5,0,29,26,223,214,7,7,0.051133837261005,230,4498,0.033203406958279,230,6927,0.054409005628518,29,533,0,0,0,2,6,8,9,13,4,0,1,1,0,4,1,2,2,0,2,0,0,3,2,0,0,1,27
"2022-07-13",10,229,37,14,2,2,25,23,223,217,6,5,0.048609637019741,229,4711,0.032826834862385,229,6976,0.046296296296296,25,540,0,1,4,0,6,6,9,8,3,1,2,0,1,3,2,4,1,0,0,0,0,2,0,0,0,1,24
"2022-07-14",12,224,42,11,2,2,22,19,217,215,7,6,0.046242774566474,224,4844,0.031115432698986,224,7199,0.041431261770245,22,531,0,5,6,2,4,5,5,11,4,1,2,0,1,3,2,2,0,0,0,0,0,2,0,0,0,1,20
"2022-07-15",13,234,45,8,3,0,24,21,227,220,7,7,0.048729695960017,234,4802,0.032558786698205,234,7187,0.044776119402985,24,536,0,4,5,1,3,9,12,10,1,0,1,1,1,0,2,3,0,0,0,0,0,2,1,0,0,2,23
"2022-07-16",11,248,52,7,3,2,22,19,242,241,6,5,0.052166596550273,248,4754,0.03463687150838,248,7160,0.041745730550285,22,527,0,5,4,1,7,7,13,14,1,0,2,1,1,2,0,0,0,1,1,0,0,2,1,0,0,0,19
"2022-07-17",12,247,53,7,4,2,22,19,241,239,6,5,0.052352691818567,247,4718,0.034535794183445,247,7152,0.041587901701323,22,529,0,5,5,1,7,6,12,16,1,0,2,1,1,2,0,0,0,1,1,0,0,2,1,1,0,0,19
"2022-07-18",13,243,49,8,3,2,18,15,236,234,7,5,0.052472468149428,243,4631,0.034090909090909,243,7128,0.034220532319392,18,526,0,3,4,3,9,4,12,13,1,0,2,1,1,2,0,1,0,1,1,0,0,2,1,0,0,0,15
"2022-07-19",10,242,35,3,2,2,20,19,235,231,7,7,0.055339583809742,242,4373,0.035645897775814,242,6789,0.037878787878788,20,528,0,2,3,3,3,8,9,7,0,0,0,1,0,1,0,1,0,0,1,0,0,1,1,0,0,0,19
"2022-07-20",6,256,52,10,2,2,24,23,247,241,9,8,0.056537102473498,256,4528,0.037160690956597,256,6889,0.045112781954887,24,532,0,4,2,2,8,6,13,15,2,0,1,1,2,2,0,2,2,0,0,0,0,1,0,1,0,0,23
"2022-07-21",14,266,61,12,5,1,19,19,253,249,13,11,0.055004135649297,266,4836,0.037281009110021,266,7135,0.036328871892925,19,523,0,2,4,3,6,8,15,21,2,0,1,2,1,3,1,3,1,0,8,0,0,2,1,1,1,0,19
"2022-07-22",15,273,67,2,3,1,20,19,260,262,13,10,0.056910569105691,273,4797,0.037837837837838,273,7215,0.037453183520599,20,534,0,6,6,4,5,14,12,18,2,0,0,0,0,1,0,0,1,0,0,0,0,2,0,1,0,1,20
"2022-07-23",15,296,57,12,3,1,23,23,278,276,18,16,0.061859979101358,296,4785,0.041065482796892,296,7208,0.04275092936803,23,538,0,5,3,1,2,9,11,23,3,0,2,0,1,2,2,1,4,0,1,0,0,3,0,0,0,2,25
"2022-07-24",15,345,66,11,2,0,30,30,330,329,15,13,0.074337427278604,345,4641,0.04798331015299,345,7190,0.055865921787709,30,537,1,6,4,2,4,10,11,26,2,0,2,0,1,2,2,0,4,0,1,0,0,2,0,0,0,0,30
"2022-07-25",18,297,58,11,3,0,25,24,281,280,16,14,0.064133016627078,297,4631,0.041232819658476,297,7203,0.046641791044776,25,536,1,5,3,2,3,11,10,21,2,0,2,0,1,2,2,0,4,0,1,0,0,2,0,1,0,0,24
"2022-07-26",10,277,46,4,0,0,27,27,268,273,9,9,0.063285355266164,277,4377,0.039930805823843,277,6937,0.051823416506718,27,521,0,1,1,3,4,9,16,12,0,0,0,0,1,0,2,0,1,0,0,0,0,0,0,0,0,1,28
"2022-07-27",13,249,35,15,1,1,22,22,238,242,11,10,0.054857898215466,249,4539,0.035627414508513,249,6989,0.041745730550285,22,527,0,2,2,3,1,5,15,7,0,0,0,2,4,3,1,1,4,0,2,0,0,0,1,0,0,2,24
"2022-07-28",21,259,56,13,5,2,20,19,244,244,15,15,0.053712152633762,259,4822,0.035902411976712,259,7214,0.037664783427495,20,531,0,6,6,5,10,11,8,9,1,0,3,1,1,0,3,1,3,1,2,0,0,2,1,2,0,11,30
"2022-07-29",22,250,47,4,2,1,20,20,236,237,14,14,0.051440329218107,250,4860,0.034654837815359,250,7214,0.036968576709797,20,541,1,9,2,4,4,6,5,15,1,0,0,0,1,0,2,0,0,1,3,0,0,2,0,0,0,1,21
"2022-07-30",20,240,56,10,3,0,29,29,228,227,12,12,0.050869012293345,240,4718,0.033342595165324,240,7198,0.054409005628518,29,533,2,8,2,4,7,5,14,11,3,0,1,2,0,4,2,0,0,1,1,0,0,2,0,1,0,1,30
"2022-07-31",20,246,55,7,5,1,24,26,232,232,14,14,0.052812365822241,246,4658,0.034623504574243,246,7105,0.04642166344294,24,517,1,8,4,2,5,7,14,10,4,0,0,2,0,2,2,0,0,1,1,0,0,3,0,2,0,2,28
"2022-08-01",20,246,53,6,2,0,28,29,235,231,11,11,0.052914605291461,246,4649,0.034623504574243,246,7105,0.053949903660886,28,519,0,9,2,2,6,9,10,12,3,0,0,2,0,2,1,0,0,1,1,0,0,1,0,1,0,2,31
"2022-08-02",12,277,54,4,2,4,35,35,266,259,11,9,0.063824884792627,277,4340,0.040982393845243,277,6759,0.065298507462687,35,536,0,2,2,2,10,6,15,17,0,0,0,0,0,0,0,2,2,0,1,0,0,1,0,1,0,3,38
"2022-08-03",10,309,73,9,4,2,39,41,294,289,15,11,0.067792891619131,309,4558,0.044409313020983,309,6958,0.072897196261682,39,535,0,2,5,7,8,12,18,18,3,0,0,2,1,1,3,2,0,0,2,0,0,3,0,1,0,1,42
"2022-08-04",10,311,74,14,4,2,36,37,296,286,15,11,0.06827661909989,311,4555,0.044677488866542,311,6961,0.067289719626168,36,535,0,2,5,7,7,14,18,19,3,0,0,2,1,2,3,3,2,1,2,0,0,3,0,1,0,1,38
"2022-08-05",10,332,69,6,2,1,41,43,322,313,10,7,0.068665977249224,332,4835,0.045837360209858,332,7243,0.075506445672192,41,543,1,8,3,5,4,9,16,20,3,0,0,1,1,1,1,0,2,0,0,0,0,2,0,0,0,0,43
"2022-08-06",11,323,62,7,3,0,35,38,312,310,11,10,0.067319716548562,323,4798,0.044607098467063,323,7241,0.065420560747664,35,535,0,5,8,3,3,14,8,19,2,1,0,1,0,2,3,0,0,0,2,0,0,2,0,1,0,1,39
"2022-08-07",11,325,57,8,3,0,34,36,314,309,11,10,0.067948985992055,325,4783,0.044964028776978,325,7228,0.063551401869159,34,535,0,5,8,3,3,11,9,16,2,1,0,1,0,3,3,0,0,0,1,0,0,2,0,1,0,1,37
"2022-08-08",11,328,55,9,3,0,34,35,314,307,14,12,0.068864161242914,328,4763,0.045379081350304,328,7228,0.063670411985019,34,534,0,3,9,4,3,11,10,13,2,1,0,1,0,3,4,0,0,0,1,0,0,2,0,1,0,0,35
"2022-08-09",5,323,47,5,5,2,31,32,311,305,12,10,0.072001783325903,323,4486,0.046981818181818,323,6875,0.058052434456929,31,534,0,1,1,5,4,10,8,17,1,0,0,1,0,3,1,0,0,0,1,0,0,3,2,0,0,38,70
"2022-08-10",8,302,54,13,1,2,23,24,295,285,7,6,0.065852594853903,302,4586,0.042794388550376,302,7057,0.042435424354244,23,542,0,7,0,3,4,8,12,20,0,0,3,1,0,2,1,3,3,0,0,0,0,1,0,0,0,0,24
"2022-08-11",9,293,59,17,4,1,30,31,283,279,10,8,0.059383867044994,293,4934,0.039912818417109,293,7341,0.055045871559633,30,545,0,6,5,6,8,9,11,13,1,0,0,2,3,1,5,2,4,0,2,0,0,3,1,0,0,0,31
"2022-08-12",10,281,60,11,4,1,32,32,271,269,10,8,0.057676518883415,281,4872,0.03892505887242,281,7219,0.059040590405904,32,542,0,2,2,3,5,15,16,15,2,0,2,0,0,1,4,4,0,0,2,0,0,2,1,1,0,1,33
"2022-08-13",10,282,70,10,2,0,30,32,274,277,8,7,0.05875,282,4800,0.039063582213603,282,7219,0.055865921787709,30,537,0,5,2,5,11,14,11,20,2,0,2,0,1,1,4,1,1,0,0,0,0,0,1,1,0,7,39
"2022-08-14",10,278,64,9,2,0,27,31,269,277,9,8,0.058873358746294,278,4722,0.038514824050984,278,7218,0.050092764378479,27,539,0,5,1,2,10,14,11,21,0,0,2,1,1,1,3,1,0,0,0,0,0,1,1,0,0,7,38
"2022-08-15",10,265,55,12,1,1,25,29,256,265,9,7,0.057186016400518,265,4634,0.036764705882353,265,7208,0.046468401486989,25,538,0,3,1,3,7,13,10,18,0,0,2,1,1,1,5,1,1,0,0,0,0,0,1,0,0,7,36
"2022-08-16",8,251,44,5,2,3,26,27,228,232,23,23,0.057371428571429,251,4375,0.036329425387176,251,6909,0.048689138576779,26,534,0,1,0,3,3,8,14,13,2,0,2,1,0,0,1,0,1,0,1,0,0,0,0,2,0,0,27
"2022-08-17",6,244,60,12,1,2,26,27,237,239,7,5,0.053078094409397,244,4597,0.035118019573978,244,6948,0.048872180451128,26,532,1,3,1,5,5,9,12,23,1,0,2,1,2,0,2,2,0,3,2,0,0,0,0,1,0,0,27
"2022-08-18",8,231,47,12,2,3,28,29,222,221,9,7,0.051424755120214,231,4492,0.033975584644801,231,6799,0.055776892430279,28,502,0,1,2,4,9,4,11,15,1,1,1,1,0,0,1,4,2,2,2,0,0,1,1,0,0,1,30
"2022-08-19",7,243,59,11,3,0,32,34,235,237,8,8,0.053114754098361,243,4575,0.035651408450704,243,6816,0.062622309197652,32,511,0,2,3,3,6,10,13,22,0,2,2,1,1,1,1,1,2,0,3,0,0,2,1,0,0,0,34
"2022-08-20",6,254,48,6,9,1,31,34,240,243,14,13,0.053904923599321,254,4712,0.035629120493758,254,7129,0.058490566037736,31,530,0,3,3,6,13,4,6,11,2,0,0,3,0,1,0,0,2,0,5,0,0,7,0,2,0,0,34
"2022-08-21",6,268,47,8,5,1,30,34,252,254,16,14,0.057216054654142,268,4684,0.037561317449194,268,7135,0.056603773584906,30,530,0,1,4,5,12,3,6,14,2,0,0,3,0,1,1,0,3,0,5,0,0,5,0,0,0,0,34
"2022-08-22",9,259,46,6,6,1,32,35,249,252,10,10,0.055758880516685,259,4645,0.036361083813,259,7123,0.060491493383743,32,529,0,1,4,6,15,3,6,9,2,0,0,3,0,1,0,0,2,0,5,0,0,6,0,0,0,1,36
"2022-08-23",8,256,41,7,1,1,32,33,250,247,6,5,0.059355437050777,256,4313,0.037042396180003,256,6911,0.060037523452158,32,533,1,2,2,1,3,10,10,12,0,1,2,0,2,1,0,0,1,0,0,0,0,1,0,0,0,1,34
"2022-08-24",13,264,52,7,3,1,27,30,252,257,12,10,0.057353899630676,264,4603,0.038100736036946,264,6929,0.050467289719626,27,535,0,3,2,2,6,8,14,15,2,0,1,2,0,0,1,2,1,0,1,0,0,1,2,0,0,2,32
"2022-08-25",12,256,50,9,2,1,27,29,246,246,10,9,0.05421431596781,256,4722,0.036686729721983,256,6978,0.050656660412758,27,533,0,0,2,1,5,10,11,19,2,0,0,2,1,2,2,1,0,1,2,0,0,2,0,0,0,2,31
"2022-08-26",14,271,62,24,2,2,32,32,260,258,11,9,0.057930739632322,271,4678,0.038648031945237,271,7012,0.059590316573557,32,537,0,3,3,2,7,13,12,18,4,2,0,5,1,3,4,2,5,2,0,0,0,2,0,0,0,2,34
"2022-08-27",19,269,58,7,3,1,27,27,259,264,10,8,0.058174740484429,269,4624,0.038434062008858,269,6999,0.051039697542533,27,529,2,4,2,6,7,4,10,20,3,1,1,0,1,1,0,2,1,0,2,0,0,2,1,0,0,1,28
"2022-08-28",17,277,50,12,3,0,28,28,264,268,13,11,0.0601389491967,277,4606,0.03958839502644,277,6997,0.053130929791271,28,527,2,4,1,3,3,6,9,19,3,1,4,0,1,0,1,3,2,0,3,0,0,1,2,0,0,2,30
"2022-08-29",17,268,55,13,2,2,26,25,255,258,13,11,0.059265811587793,268,4522,0.038302129484065,268,6997,0.04952380952381,26,525,3,3,2,3,4,6,10,21,3,1,2,0,3,0,1,3,3,0,2,0,0,1,1,0,0,3,28
"2022-08-30",17,268,55,13,2,2,26,25,255,258,13,11,0.059265811587793,268,4522,0.038302129484065,268,6997,0.04952380952381,26,525,3,3,2,3,4,6,10,21,3,1,2,0,3,0,1,3,3,0,2,0,0,1,1,0,0,3,28
"2022-08-31",19,265,48,4,5,3,21,21,251,255,14,12,0.057112068965517,265,4640,0.038014632047052,265,6971,0.039697542533081,21,529,0,2,3,1,1,5,10,23,3,0,0,1,0,0,1,1,1,0,2,0,0,3,2,0,0,3,24
"2022-09-01",16,274,59,9,5,15,21,20,257,255,17,13,0.05738219895288,274,4775,0.038876276958002,274,7048,0.039622641509434,21,530,0,4,3,1,7,6,14,21,3,0,0,2,1,2,1,0,1,2,3,0,0,1,2,2,0,1,21
"2022-09-02",17,236,38,7,3,1,26,28,224,227,12,11,0.049559008819824,236,4762,0.033537018615887,236,7037,0.049149338374291,26,529,0,3,2,1,3,5,10,11,3,0,0,3,1,0,1,1,1,0,0,0,1,1,1,1,0,1,29
"2022-09-03",17,226,45,12,1,3,26,29,218,223,8,6,0.048928339467417,226,4619,0.032207496080946,226,7017,0.04952380952381,26,525,0,2,4,2,5,9,12,10,1,0,0,3,3,1,0,1,2,2,2,0,0,1,0,0,0,1,30
"2022-09-04",16,238,51,13,3,3,25,27,227,227,11,9,0.052503860577984,238,4533,0.033956341846198,238,7009,0.047619047619048,25,525,1,3,6,0,4,11,14,11,1,0,1,3,3,1,0,1,2,2,2,0,0,2,0,1,0,2,29
"2022-09-05",15,227,40,13,2,3,25,26,214,215,13,10,0.050221238938053,227,4520,0.032690092165899,227,6944,0.048449612403101,25,516,0,2,4,0,5,6,11,11,1,0,0,3,3,1,0,1,3,2,3,0,0,1,1,0,0,2,28
"2022-09-06",10,225,43,14,1,3,23,23,217,216,8,6,0.050744248985115,225,4434,0.032947722946259,225,6829,0.044660194174757,23,515,1,4,3,0,4,6,11,13,1,0,0,3,3,1,0,1,4,2,3,0,0,1,0,0,0,2,25
"2022-09-07",9,270,53,9,3,3,26,25,257,262,13,10,0.061969244893275,270,4357,0.0390625,270,6912,0.049149338374291,26,529,0,3,2,1,6,3,14,19,5,0,1,0,1,2,2,1,1,1,2,0,0,2,0,1,0,3,28
"2022-09-08",9,283,70,23,14,10,27,24,267,272,16,11,0.060742648637047,283,4659,0.040486409155937,283,6990,0.051136363636364,27,528,10,2,5,1,8,5,10,26,3,11,2,2,2,1,0,2,2,1,0,0,0,12,1,1,0,3,27
"2022-09-09",6,275,55,9,2,1,26,23,262,258,13,11,0.056947608200456,275,4829,0.038536995515695,275,7136,0.049618320610687,26,524,1,3,7,2,2,9,8,17,6,2,1,0,0,3,2,0,1,0,0,0,0,1,0,1,0,2,25
"2022-09-10",7,252,42,17,4,0,30,27,238,240,14,13,0.053503184713376,252,4710,0.03592302209551,252,7015,0.057251908396947,30,524,1,5,3,3,2,7,3,12,6,1,0,1,1,2,4,1,2,5,2,0,0,3,1,0,0,1,28
"2022-09-11",7,266,48,18,4,0,28,26,251,246,15,13,0.057426597582038,266,4632,0.038103423578284,266,6981,0.053537284894837,28,523,0,6,4,2,2,8,3,17,6,1,0,1,1,2,3,2,3,5,1,0,0,3,0,0,1,1,27
"2022-09-12",7,264,47,19,4,0,29,26,248,251,16,15,0.057291666666667,264,4608,0.037822349570201,264,6980,0.055662188099808,29,521,1,6,4,3,4,5,5,13,6,1,0,1,2,2,3,2,2,6,1,0,0,4,0,0,0,1,27
"2022-09-13",8,228,25,15,1,0,22,19,215,218,13,12,0.052949372967952,228,4306,0.033782782634464,228,6749,0.041666666666667,22,528,0,2,4,2,0,4,5,7,1,5,3,0,1,1,2,1,2,0,1,0,0,1,0,0,0,1,20
"2022-09-14",8,232,50,5,1,1,23,21,217,216,15,12,0.050732560682265,232,4573,0.033482465002165,232,6929,0.044061302681992,23,522,1,5,5,3,2,6,9,18,1,0,0,1,1,0,1,0,1,1,0,0,0,1,0,0,0,1,22
"2022-09-15",8,238,52,1,3,0,30,28,223,226,15,12,0.050573735656609,238,4706,0.034165948894631,238,6966,0.057692307692308,30,520,1,3,5,2,5,14,6,11,5,0,0,0,0,0,0,0,0,1,1,0,0,1,0,2,0,1,29
"2022-09-16",9,235,38,4,2,0,30,29,223,223,12,10,0.049840933191941,235,4715,0.033691756272401,235,6975,0.057471264367816,30,522,1,1,3,1,3,11,7,9,2,0,1,0,0,0,2,0,1,0,0,0,0,1,0,1,0,2,31
"2022-09-17",10,224,42,4,4,0,27,27,213,213,11,10,0.048058356575842,224,4661,0.032105489465386,224,6977,0.051625239005736,27,523,1,2,1,3,3,7,7,15,3,0,0,1,0,1,0,1,1,0,1,0,0,3,1,0,0,2,29
"2022-09-18",6,227,38,3,4,1,24,24,214,211,13,11,0.04994499449945,227,4545,0.032614942528736,227,6960,0.045889101338432,24,523,0,3,1,3,1,7,9,11,3,0,0,1,0,1,0,1,0,0,1,0,0,3,1,0,0,2,26
"2022-09-19",6,222,34,3,4,2,25,24,209,206,13,11,0.049049933716306,222,4526,0.031924072476273,222,6954,0.047619047619048,25,525,0,3,1,3,1,7,8,8,3,0,0,1,0,1,0,1,0,0,1,0,0,3,1,0,0,2,26
"2022-09-20",8,222,34,10,2,1,20,20,211,208,11,8,0.051388888888889,222,4320,0.032820816085157,222,6764,0.038022813688213,20,526,1,3,1,1,4,5,9,10,0,0,0,0,1,0,2,3,4,0,2,0,0,1,0,1,0,2,22
"2022-09-21",6,219,49,15,1,1,18,19,213,209,6,5,0.047361591695502,219,4624,0.031720741599073,219,6904,0.034220532319392,18,526,0,0,1,4,8,9,11,16,0,1,3,3,0,1,3,2,2,0,1,0,0,1,0,0,0,2,21
"2022-09-22",6,226,35,9,3,2,24,22,217,209,9,7,0.047861075815332,226,4722,0.032767870088444,226,6897,0.045197740112994,24,531,0,2,3,1,3,6,4,14,2,0,0,0,1,2,2,2,2,0,1,0,1,3,0,0,0,3,25
"2022-09-23",6,211,29,7,3,3,19,19,203,197,8,5,0.045008532423208,211,4688,0.030263912794033,211,6972,0.036053130929791,19,527,0,4,4,0,1,4,5,10,1,0,2,1,2,0,0,1,1,0,1,0,1,1,2,0,0,2,21
"2022-09-24",6,188,30,8,0,3,22,22,182,177,6,5,0.040869565217391,188,4600,0.027250326134222,188,6899,0.041666666666667,22,528,0,4,2,3,3,6,5,7,0,0,0,0,1,1,2,3,1,0,2,0,1,0,0,0,0,3,25
"2022-09-25",6,188,27,9,0,3,25,24,182,173,6,5,0.042020563254359,188,4474,0.027222704894295,188,6906,0.047438330170778,25,527,0,2,3,4,2,7,3,6,0,0,0,0,2,1,2,2,2,0,2,0,1,0,0,0,0,3,27
"2022-09-26",6,193,27,8,1,3,24,24,184,181,9,6,0.042576660048533,193,4533,0.027971014492754,193,6900,0.045454545454545,24,528,0,1,2,5,3,7,3,6,0,0,0,0,2,1,2,2,1,0,2,0,1,0,1,0,0,10,34
"2022-09-27",6,175,26,7,2,3,25,25,164,162,11,9,0.040100824931256,175,4364,0.025902901124926,175,6756,0.047984644913628,25,521,0,0,0,1,3,5,4,11,2,0,0,2,1,1,0,0,2,1,0,0,0,2,0,0,0,4,29
"2022-09-28",6,179,36,12,1,1,29,27,167,165,12,9,0.039839750723347,179,4493,0.026028791624255,179,6877,0.055343511450382,29,524,1,1,0,1,0,12,7,14,0,0,0,2,1,1,1,3,4,0,2,0,0,1,0,0,0,4,31
"2022-09-30",6,191,33,12,2,0,26,25,175,173,16,10,0.040908117369886,191,4669,0.027426766226307,191,6964,0.048327137546468,26,538,1,3,2,2,2,7,5,10,1,0,0,1,0,4,4,1,2,0,0,0,0,2,0,0,0,3,28
"2022-10-01",7,207,39,12,2,3,24,25,191,188,16,8,0.04526568991909,207,4573,0.029814201353882,207,6943,0.040066777963272,24,599,0,5,1,3,4,9,8,9,0,0,3,0,1,0,3,0,4,1,1,0,0,1,1,0,0,2,27
"2022-10-02",7,203,35,11,2,3,22,22,188,183,15,7,0.045061043285239,203,4505,0.029284477784189,203,6932,0.036974789915966,22,595,0,3,1,3,3,8,7,10,0,0,2,0,1,0,3,0,4,1,1,0,0,1,1,0,0,2,24
"2022-10-03",7,195,33,12,1,3,21,21,182,176,13,5,0.044027997290585,195,4429,0.028187337380746,195,6918,0.035532994923858,21,591,0,2,2,1,4,7,8,9,0,1,2,0,1,0,3,0,4,1,1,0,0,1,0,0,0,2,23
"2022-10-04",8,181,23,3,1,1,19,19,170,167,11,6,0.041570969223702,181,4354,0.026438796377447,181,6846,0.035984848484848,19,528,0,2,2,2,1,4,5,7,0,0,2,0,0,1,0,0,0,0,0,0,0,1,0,0,0,2,21
"2022-10-05",8,181,23,3,1,1,19,19,170,167,11,6,0.041570969223702,181,4354,0.026438796377447,181,6846,0.035984848484848,19,528,0,2,2,2,1,4,5,7,0,0,2,0,0,1,0,0,0,0,0,0,0,1,0,0,0,2,21
"2022-10-06",19,204,51,1,0,0,16,15,190,186,14,5,0.043478260869565,204,4692,0.029113743399458,204,7007,0.030651340996169,16,522,0,3,4,6,6,11,6,15,0,0,0,1,0,0,0,0,0,0,2,0,0,0,0,0,0,0,15
"2022-10-08",20,178,30,4,1,0,17,17,166,162,12,4,0.037434279705573,178,4755,0.025287682909504,178,7039,0.032380952380952,17,525,0,1,4,0,1,4,5,13,2,0,0,1,0,1,0,0,1,1,0,0,0,1,0,0,0,0,17
"2022-10-09",20,179,31,2,1,0,16,17,168,167,11,3,0.03850290385029,179,4649,0.025575082154594,179,6999,0.030710172744722,16,521,0,1,4,0,1,4,6,14,1,0,0,0,0,1,0,0,1,0,0,0,0,1,0,0,0,0,17
"2022-10-10",19,185,29,3,1,0,17,18,174,173,11,3,0.040252393385553,185,4596,0.026432347478211,185,6999,0.032629558541267,17,521,0,1,4,0,1,5,5,12,1,0,0,0,0,1,0,1,1,0,0,0,0,1,0,0,0,0,18
"2022-10-11",20,181,28,2,1,1,27,26,179,180,2,1,0.043105501309836,181,4199,0.02712829736211,181,6672,0.052941176470588,27,510,0,2,1,1,3,5,4,11,1,0,0,0,0,0,0,2,0,0,2,0,0,0,1,0,0,0,26
"2022-10-12",20,174,27,15,1,3,31,26,170,164,4,2,0.038266989223664,174,4547,0.025082888856855,174,6937,0.058490566037736,31,530,0,3,1,2,1,5,5,8,2,0,2,1,1,2,4,0,4,1,1,0,0,1,0,0,0,1,27
"2022-10-13",22,163,27,14,0,4,23,21,158,154,5,3,0.035031162690737,163,4653,0.023232611174458,163,7016,0.043643263757116,23,527,0,1,1,0,2,3,8,12,0,1,3,1,2,3,0,1,2,1,3,0,0,0,0,0,0,2,23
"2022-10-14",20,158,24,47,3,0,21,19,152,151,6,4,0.034015069967707,158,4645,0.022832369942197,158,6920,0.039399624765478,21,533,0,1,1,2,2,6,7,5,0,0,0,0,1,3,4,0,1,38,0,0,0,0,1,2,0,1,20
"2022-10-15",19,153,37,15,1,1,18,16,146,146,7,6,0.032594801874734,153,4694,0.022046109510086,153,6940,0.034351145038168,18,524,0,1,3,2,1,5,10,15,0,4,1,1,2,2,1,2,2,0,82,0,0,0,0,1,0,2,18
"2022-10-16",19,157,37,15,2,1,16,14,149,143,8,7,0.034115601912212,157,4602,0.022816451097224,157,6881,0.031128404669261,16,514,0,1,3,1,3,5,12,12,0,4,1,1,2,3,1,1,2,0,82,0,0,1,0,1,0,1,15
"2022-10-17",19,159,32,16,1,1,16,14,150,144,9,6,0.034845496383958,159,4563,0.023117185228264,159,6878,0.031128404669261,16,514,0,1,3,2,1,5,8,11,1,4,1,1,2,2,1,1,3,1,82,0,0,0,0,1,0,1,15
"2022-10-18",8,148,20,4,2,1,13,13,142,130,6,4,0.034124971178234,148,4337,0.02175510804057,148,6803,0.024574669187146,13,529,0,1,2,1,0,2,3,10,1,0,0,1,0,0,2,1,0,0,1,0,0,2,0,0,0,0,13
"2022-10-19",8,144,24,4,3,3,12,12,135,135,9,5,0.031365715530386,144,4591,0.020902888663086,144,6889,0.023032629558541,12,521,0,4,4,3,1,2,4,5,1,0,0,1,0,0,1,0,2,0,1,0,0,3,0,0,0,1,13
"2022-10-20",8,146,33,11,2,4,8,9,137,135,9,6,0.030991296964551,146,4711,0.021122685185185,146,6912,0.015384615384615,8,520,0,0,2,2,5,9,7,8,0,0,0,2,2,0,3,1,2,1,1,0,0,0,0,1,1,1,10
"2022-10-21",6,123,22,8,4,1,12,11,115,109,8,6,0.026042769426212,123,4723,0.017771998266147,123,6921,0.022900763358779,12,524,0,0,1,1,1,5,4,10,0,0,2,0,1,1,3,1,0,0,1,0,0,4,0,0,0,1,12
"2022-10-22",6,128,28,7,4,1,12,13,118,113,10,8,0.02675026123302,128,4785,0.018481085763789,128,6926,0.022556390977444,12,532,0,0,1,1,4,2,8,11,1,0,0,1,2,0,1,1,2,0,1,0,0,4,0,0,0,0,13
"2022-10-23",6,129,29,6,3,1,12,12,117,110,12,9,0.027493606138107,129,4692,0.018628158844765,129,6925,0.022598870056497,12,531,0,0,2,1,3,2,10,10,1,0,0,1,2,0,1,1,1,0,1,0,0,3,0,0,0,1,13
"2022-10-24",6,132,35,6,3,1,13,13,121,115,11,7,0.028253424657534,132,4672,0.019077901430843,132,6919,0.024436090225564,13,532,1,0,2,1,3,2,11,14,1,0,0,1,2,0,1,1,1,0,1,0,0,3,0,0,0,2,15
"2022-10-25",5,148,34,12,2,2,19,19,143,138,5,3,0.032328527741372,148,4578,0.021742324078155,148,6807,0.035647279549719,19,533,0,0,1,2,3,6,7,13,2,2,0,1,2,2,1,2,2,0,2,0,0,1,0,1,0,2,21
"2022-10-26",6,153,29,13,2,3,18,19,144,139,9,4,0.032244467860906,153,4745,0.022068368671571,153,6933,0.033644859813084,18,535,0,0,0,2,2,3,6,14,2,1,3,1,3,2,1,0,0,2,1,0,0,1,0,1,0,1,20
"2022-10-28",6,143,38,4,0,0,11,12,137,139,6,3,0.029267294310274,143,4886,0.020631943442505,143,6931,0.020754716981132,11,530,0,2,2,1,2,3,6,22,0,0,1,0,0,0,1,0,2,0,2,0,0,0,0,0,0,1,13
"2022-10-29",6,153,23,6,0,1,10,11,146,142,7,4,0.031598513011152,153,4842,0.022199651770168,153,6892,0.0187265917603,10,534,0,1,2,2,1,2,7,8,0,0,1,0,1,1,1,1,0,1,0,0,0,0,0,0,0,1,12
"2022-10-30",6,147,23,6,1,2,9,10,139,137,8,4,0.031019202363368,147,4739,0.021322889469104,147,6894,0.016822429906542,9,535,0,1,3,1,1,3,7,7,0,0,0,0,1,1,1,2,0,1,0,0,0,1,0,0,0,0,10
"2022-10-31",6,148,27,6,0,1,10,11,142,143,6,3,0.03134265141889,148,4722,0.021449275362319,148,6900,0.018621973929236,10,537,0,1,2,1,1,3,9,10,0,0,0,0,1,1,1,1,1,1,0,0,0,0,0,0,0,0,11
"2022-11-01",7,140,52,4,0,3,10,6,134,135,6,3,0.031760435571688,140,4408,0.020434972996643,140,6851,0.018691588785047,10,535,0,2,0,0,1,1,4,13,31,0,1,1,0,0,0,1,1,0,2,0,0,0,0,0,0,0,6
"2022-11-02",6,161,31,3,0,2,8,9,155,161,6,4,0.034616211567405,161,4651,0.023212226066897,161,6936,0.014705882352941,8,544,0,0,0,3,2,7,6,12,1,0,0,0,0,0,0,0,2,1,0,0,0,0,0,0,0,0,9
"2022-11-03",6,157,30,8,2,2,12,13,150,158,7,6,0.032258064516129,157,4867,0.022615960818208,157,6942,0.021857923497268,12,549,0,0,0,4,4,6,5,9,2,0,3,1,0,0,1,0,3,0,1,0,0,2,0,0,0,1,14
"2022-11-04",6,161,39,8,2,1,12,12,152,156,9,5,0.033127572016461,161,4860,0.023175471426515,161,6947,0.022018348623853,12,545,0,3,5,1,0,5,6,18,1,0,1,1,1,0,1,0,3,1,3,0,0,1,0,1,0,1,13
"2022-11-05",6,173,34,17,3,0,10,10,165,167,8,7,0.036375105130362,173,4756,0.024917182774017,173,6943,0.018832391713748,10,531,1,0,2,1,3,7,7,12,1,7,1,3,1,2,0,0,3,0,0,0,0,2,0,1,0,1,11
"2022-11-06",6,174,34,19,3,0,12,12,165,170,9,8,0.03721129170231,174,4676,0.025250326512843,174,6891,0.023032629558541,12,521,1,0,2,1,2,7,9,11,1,7,1,3,1,2,1,1,3,0,0,0,0,3,0,0,0,2,14
"2022-11-07",6,179,31,18,2,0,13,12,169,169,10,8,0.038685973633024,179,4627,0.025975910608039,179,6891,0.024856596558317,13,523,1,0,3,0,2,6,9,9,1,7,1,3,1,2,0,1,3,0,0,0,0,2,0,0,0,1,13
"2022-11-08",6,183,21,7,1,5,11,11,172,173,11,9,0.04041519434629,183,4528,0.026338514680484,183,6948,0.020952380952381,11,525,0,0,0,1,4,1,6,9,0,0,1,1,1,0,0,2,2,0,0,0,0,1,0,0,0,0,11
"2022-11-09",6,180,30,7,0,2,19,17,174,173,6,5,0.037484381507705,180,4802,0.02588066139468,180,6955,0.035916824196597,19,529,0,0,2,2,3,0,6,16,1,0,1,0,0,2,0,2,1,1,1,0,0,0,0,0,0,0,17
"2022-11-10",6,181,25,6,1,4,16,14,172,169,9,4,0.037189233614136,181,4867,0.026028185217141,181,6954,0.029962546816479,16,534,1,1,2,1,3,7,5,5,0,0,1,0,1,1,1,1,1,0,0,0,0,1,0,0,0,1,15
"2022-11-11",7,167,29,7,3,1,12,12,159,158,8,6,0.034762697751873,167,4804,0.024032234853936,167,6949,0.022641509433962,12,530,0,1,1,1,0,4,8,13,1,0,0,2,0,0,2,0,3,0,2,0,0,3,0,0,0,6,18
"2022-11-12",7,175,25,6,2,3,12,11,168,169,7,6,0.034937113196247,175,5009,0.025046514956348,175,6987,0.02247191011236,12,534,0,0,0,0,6,4,6,9,0,0,0,1,3,0,1,1,0,0,1,0,0,2,0,0,0,0,11
"2022-11-13",7,173,22,6,1,3,13,11,166,165,7,6,0.034984833164813,173,4945,0.024746102131312,173,6991,0.02434456928839,13,534,0,0,0,0,7,4,4,7,0,0,0,1,3,0,1,1,0,0,1,0,0,1,0,0,0,0,11
"2022-11-14",7,166,20,6,1,2,12,11,162,154,4,4,0.034212695795548,166,4852,0.023864289821737,166,6956,0.02247191011236,12,534,0,0,0,0,5,4,3,8,0,0,0,1,3,0,1,1,0,0,1,0,0,1,0,0,0,0,11
"2022-11-15",7,159,24,5,1,1,12,12,154,153,5,2,0.035899751636938,159,4429,0.023396115361978,159,6796,0.022514071294559,12,533,0,0,0,1,4,4,4,10,1,0,3,0,0,0,0,2,0,0,0,0,0,0,0,1,0,1,13
"2022-11-16",6,137,22,4,4,1,16,16,132,132,5,5,0.02898244129469,137,4727,0.019754866618601,137,6935,0.030131826741996,16,531,0,0,1,2,2,4,4,8,1,0,1,0,0,0,1,0,2,0,0,0,0,3,1,0,0,0,16
"2022-11-17",5,150,25,7,3,2,18,19,144,141,6,5,0.030525030525031,150,4914,0.021523891519587,150,6969,0.033395176252319,18,539,0,0,0,0,3,7,6,9,0,0,0,0,2,1,0,3,1,0,1,0,0,1,2,0,0,1,20
"2022-11-18",6,140,24,5,1,0,17,19,133,136,7,7,0.028824377187564,140,4857,0.020086083213773,140,6970,0.031598513011152,17,538,0,1,2,2,4,1,5,8,1,0,0,0,0,1,1,3,0,0,1,0,1,0,1,0,0,0,19
"2022-11-19",5,161,38,10,1,1,17,17,152,147,9,6,0.03305954825462,161,4870,0.023218921257571,161,6934,0.031716417910448,17,536,0,1,1,5,2,5,12,12,0,0,1,0,0,2,4,1,1,1,2,0,1,1,0,0,0,1,18
"2022-11-20",5,155,39,7,0,0,19,19,151,148,4,4,0.032204446291294,155,4813,0.022350396539293,155,6935,0.035315985130112,19,538,1,1,1,6,3,6,12,9,0,0,1,0,0,2,4,0,0,0,2,0,1,0,0,0,0,0,19
"2022-11-21",5,162,39,8,1,0,19,18,154,152,8,5,0.03375,162,4800,0.02340364056631,162,6922,0.035315985130112,19,538,0,3,2,5,3,7,12,7,0,0,1,1,0,2,4,0,0,0,2,0,1,1,0,0,0,0,18
"2022-11-22",5,167,33,7,4,0,22,21,157,153,10,9,0.035165297957465,167,4749,0.023554301833568,167,7090,0.04096834264432,22,537,0,1,2,1,1,6,8,11,3,0,1,0,0,2,4,0,0,0,1,0,1,3,1,0,0,3,24
"2022-11-23",5,172,38,8,1,2,18,19,158,158,14,10,0.035267582530244,172,4877,0.024130190796857,172,7128,0.033582089552239,18,536,0,4,0,1,2,7,8,16,0,0,1,0,0,3,1,0,2,1,1,0,1,1,0,0,0,2,21
"2022-11-24",1,154,28,2,2,0,15,16,142,142,12,10,0.035483870967742,154,4340,0.023583460949464,154,6530,0.031446540880503,15,477,0,2,1,1,4,5,7,8,0,0,0,0,0,0,0,1,1,0,0,0,1,0,1,1,0,1,17
"2022-11-25",1,147,27,3,0,0,16,15,138,136,9,8,0.034966698382493,147,4204,0.022532188841202,147,6524,0.033542976939203,16,477,0,3,1,0,4,4,6,9,0,0,1,0,0,0,1,1,0,0,0,0,1,0,0,0,0,1,16
"2022-11-27",3,158,23,7,0,4,18,18,150,151,8,6,0.035370494739199,158,4467,0.022484701864238,158,7027,0.033519553072626,18,537,0,0,1,1,3,4,1,13,0,0,1,1,0,3,1,1,0,0,2,0,0,0,0,0,0,1,19
"2022-11-28",3,163,27,7,0,3,18,18,156,156,7,5,0.03695307186579,163,4411,0.023446490218642,163,6952,0.033962264150943,18,530,0,0,1,0,3,5,2,16,0,0,1,1,0,3,1,1,0,0,2,0,0,0,0,0,0,2,20
"2022-11-29",5,234,39,8,1,1,21,20,222,221,12,8,0.05019305019305,234,4662,0.034315882094149,234,6819,0.039106145251397,21,537,0,2,2,2,4,7,9,12,1,0,1,2,0,3,2,0,0,0,1,0,2,1,0,0,0,1,21
"2022-11-30",4,233,41,8,2,1,24,23,226,225,7,6,0.046758980533815,233,4983,0.033525179856115,233,6950,0.044943820224719,24,534,0,1,4,1,6,5,9,14,1,0,1,0,0,1,0,2,4,0,2,0,2,2,0,0,0,1,24
"2022-12-01",4,229,41,13,1,3,25,24,222,219,7,5,0.044466019417476,229,5150,0.032954381925457,229,6949,0.046382189239332,25,539,0,1,1,2,5,7,10,14,1,0,0,1,1,2,5,2,2,0,2,0,4,1,0,0,0,1,25
"2022-12-02",5,231,33,6,0,3,29,27,226,225,5,2,0.045924453280318,231,5030,0.033290099437959,231,6939,0.054003724394786,29,537,0,0,3,2,2,10,7,9,0,0,0,1,0,0,0,4,1,0,1,0,2,0,0,0,0,1,28
"2022-12-03",5,221,36,8,1,5,17,19,215,217,6,3,0.044422110552764,221,4975,0.031793986476766,221,6951,0.032136105860113,17,529,1,0,2,1,1,8,10,13,0,0,2,1,0,0,0,1,3,1,1,0,2,1,0,0,0,1,20
"2022-12-04",5,218,33,7,2,5,16,18,211,213,7,4,0.043863179074447,218,4970,0.031362393900158,218,6951,0.030360531309298,16,527,1,0,2,1,2,8,9,10,0,0,2,1,0,0,0,1,2,1,1,0,2,2,0,0,0,1,19
"2022-12-05",5,223,31,5,2,5,15,16,216,214,7,6,0.045426767162355,223,4909,0.032151095732411,223,6936,0.028462998102467,15,527,1,0,2,1,1,5,9,11,1,0,2,1,0,0,0,0,1,1,1,0,2,2,0,0,0,1,17
"2022-12-06",7,239,44,5,4,3,15,17,225,231,14,9,0.050981228668942,239,4688,0.035204006481072,239,6789,0.028195488721805,15,532,0,2,1,3,5,7,11,14,1,0,0,0,1,1,0,1,2,0,2,0,2,1,2,1,0,2,19
"2022-12-07",5,255,49,10,0,5,16,17,245,251,10,6,0.053313819778382,255,4783,0.037433940105696,255,6812,0.03041825095057,16,526,0,2,0,1,5,12,12,16,1,0,1,2,0,1,3,1,2,0,2,0,2,0,0,0,0,2,19
"2022-12-08",4,257,39,7,1,1,20,20,249,251,8,5,0.052717948717949,257,4875,0.037327523602033,257,6885,0.038095238095238,20,525,0,2,2,1,5,6,7,16,0,0,0,0,0,1,5,1,0,0,3,0,1,0,1,0,0,2,22
"2022-12-09",7,247,34,7,1,2,15,14,240,235,7,4,0.054393305439331,247,4541,0.037895059834305,247,6518,0.031578947368421,15,475,0,2,1,1,3,7,6,14,0,0,0,1,0,1,4,1,0,0,3,0,1,0,1,0,0,2,16
"2022-12-10",10,252,46,10,1,0,17,16,244,241,8,8,0.052066115702479,252,4840,0.036799065420561,252,6848,0.032567049808429,17,522,0,3,2,2,3,6,10,20,0,0,1,0,0,1,2,3,3,0,2,2,4,0,0,1,0,4,20
"2022-12-12",9,252,41,10,0,1,13,14,245,246,7,5,0.052952300903551,252,4759,0.036820572764465,252,6844,0.024856596558317,13,523,0,2,2,1,3,6,9,17,1,0,1,0,0,1,2,3,3,0,2,0,4,0,0,0,0,3,17
"2022-12-13",8,249,37,9,2,0,18,20,242,242,7,7,0.052376945729912,249,4754,0.036355672360929,249,6849,0.034548944337812,18,521,0,2,0,1,3,6,7,16,2,0,1,0,0,1,2,2,3,0,0,0,1,2,0,0,0,1,21
"2022-12-14",7,256,45,23,1,5,15,16,246,243,10,7,0.052707432571546,256,4857,0.037268889212404,256,6869,0.027985074626866,15,536,0,0,0,1,5,5,18,12,4,0,1,12,1,2,1,2,1,3,234,0,2,1,0,0,0,1,17
"2022-12-15",8,253,55,15,1,4,23,21,246,245,7,4,0.050198412698413,253,5040,0.03683750728014,253,6868,0.042513863216266,23,541,0,1,2,0,5,16,14,14,3,0,1,0,1,2,2,5,1,3,0,0,2,0,1,0,0,2,23
"2022-12-16",8,297,38,2,5,2,20,21,286,290,11,9,0.057302720432182,297,5183,0.041625788367204,297,7135,0.036166365280289,20,553,0,2,1,1,4,4,9,14,11,0,0,2,1,3,2,5,3,14,1,0,2,1,2,2,0,1,22
"2022-12-17",8,291,76,2,1,13,22,22,279,273,12,9,0.055693779904306,291,5225,0.040355013174317,291,7211,0.039783001808318,22,553,0,3,5,4,3,7,20,19,15,0,2,3,0,2,9,5,4,23,1,0,3,1,0,0,0,1,23
"2022-12-18",8,275,74,0,1,12,21,22,264,262,11,9,0.055410034253476,275,4963,0.040105002187546,275,6857,0.039848197343454,21,527,0,3,5,4,3,6,20,18,15,0,2,3,0,1,9,4,4,23,1,0,3,1,0,0,0,1,23
"2022-12-20",11,277,43,1,2,8,28,26,265,269,12,8,0.061053559620895,277,4537,0.041238648206044,277,6717,0.054158607350097,28,517,0,3,1,2,3,9,11,13,12,0,2,1,0,2,2,1,1,10,1,0,4,2,0,0,0,1,27
"2022-12-21",12,272,47,1,3,6,32,31,259,262,13,10,0.058256585992718,272,4669,0.040597014925373,272,6700,0.061895551257253,32,517,0,1,1,1,6,10,6,21,1,0,2,2,1,0,6,8,4,24,0,0,4,2,0,1,0,3,34
"2022-12-22",16,268,40,0,4,12,29,30,255,257,13,8,0.05790838375108,268,4628,0.039504716981132,268,6784,0.05631067961165,29,515,0,1,4,0,2,7,13,11,2,0,2,2,0,3,3,2,4,16,2,0,3,3,0,1,0,1,31
"2022-12-23",13,256,44,1,2,5,26,27,244,246,12,6,0.057944771389769,256,4418,0.038112252493673,256,6717,0.050485436893204,26,515,0,1,4,4,2,12,9,11,1,0,1,2,2,1,1,3,6,17,2,0,2,2,0,0,0,1,28
"2022-12-24",13,241,33,2,1,5,15,16,234,232,7,4,0.056216468392815,241,4287,0.035783221974759,241,6735,0.029126213592233,15,515,0,2,3,1,2,8,7,9,1,0,0,0,2,0,1,3,2,10,1,0,0,1,0,0,0,2,18
"2022-12-25",15,246,37,2,1,7,15,14,241,234,5,3,0.05570652173913,246,4416,0.035492713894099,246,6931,0.027932960893855,15,537,0,3,2,3,3,8,5,12,1,0,0,1,2,0,1,3,2,11,2,0,0,1,0,0,0,2,16
"2022-12-26",15,241,35,2,1,3,17,15,236,228,5,3,0.057752216630721,241,4173,0.03614819259037,241,6667,0.033009708737864,17,515,0,3,2,1,4,9,5,10,1,0,0,0,2,1,3,2,2,12,1,0,0,1,0,0,0,2,17
"2022-12-27",15,239,52,2,1,4,19,19,234,236,5,2,0.057122022362664,235,4114,0.036294608959757,239,6585,0.037109375,19,512,0,1,3,3,4,10,10,10,11,0,0,1,2,1,2,2,2,12,2,0,0,1,0,0,0,2,21
"2022-12-28",15,243,35,0,1,6,20,20,239,239,4,3,0.057189927041657,243,4249,0.036274070756829,243,6699,0.039525691699605,20,506,0,1,1,4,3,6,7,12,1,1,0,3,0,2,0,2,2,10,0,0,4,0,1,0,0,1,21
"2022-12-30",16,274,60,1,2,2,23,24,268,267,6,4,0.056858269350488,274,4819,0.040187738339689,274,6818,0.04275092936803,23,538,0,3,6,4,7,10,13,15,2,0,0,0,1,2,6,4,1,15,231,0,4,1,0,1,0,1,25
"2023-01-01",12,259,48,0,2,2,17,15,252,240,7,5,0.052461008709743,259,4937,0.03756345177665,259,6895,0.032015065913371,17,531,0,3,1,4,3,6,14,16,2,0,0,1,1,2,2,9,4,19,232,0,3,1,1,0,0,0,15
"2023-01-02",12,254,46,0,2,2,17,15,247,235,7,5,0.053361344537815,254,4760,0.038023952095808,254,6680,0.033333333333333,17,510,0,3,1,4,3,6,15,13,2,0,0,1,1,2,2,9,4,19,232,0,3,1,1,0,0,0,15
"2023-01-03",10,226,35,0,2,6,18,15,221,208,5,4,0.04851867754401,226,4658,0.033964532611963,226,6654,0.035363457760314,18,509,0,0,4,3,2,3,14,8,2,2,0,0,2,0,2,5,3,14,232,0,3,1,1,0,0,0,15
"2023-01-04",9,248,46,0,0,7,21,17,240,224,8,6,0.056133997283839,248,4418,0.038007662835249,248,6525,0.041832669322709,21,502,0,0,2,1,3,7,10,23,0,2,0,0,2,0,3,1,2,10,1,0,4,0,0,0,0,0,17
"2023-01-06",10,243,32,0,5,5,20,24,236,239,7,6,0.048913043478261,243,4968,0.035009364644864,243,6941,0.037105751391466,20,539,0,0,2,2,2,3,6,17,0,0,1,2,3,2,3,1,2,14,2,0,7,0,0,0,5,0,24
"2023-01-07",9,220,34,0,0,2,17,19,215,221,5,4,0.046610169491525,220,4720,0.033212560386473,220,6624,0.033203125,17,512,0,1,0,1,3,7,12,10,0,1,0,1,0,3,3,4,2,14,0,0,3,0,0,0,0,0,19
"2023-01-08",9,224,33,0,1,3,15,19,217,222,7,4,0.045986450420858,224,4871,0.032815704658658,224,6826,0.028301886792453,15,530,0,1,0,2,3,9,9,9,0,1,2,0,0,0,5,2,6,16,0,0,6,0,0,1,0,0,19
"2023-01-09",9,226,31,0,0,3,18,22,221,226,5,4,0.046492491256943,226,4861,0.033084467867077,226,6831,0.033962264150943,18,530,0,1,0,0,4,7,8,11,0,1,0,0,1,3,2,4,1,12,0,0,6,0,0,0,0,0,22
"2023-01-11",17,222,38,0,3,4,23,23,216,210,6,6,0.047803617571059,222,4644,0.033318325078793,222,6663,0.045816733067729,23,502,0,0,3,3,5,11,6,8,2,0,0,1,0,1,4,6,4,16,1,0,4,3,0,0,0,3,26
"2023-01-12",15,232,43,0,0,3,16,19,225,232,7,6,0.048688352570829,232,4765,0.034385652882763,232,6747,0.031434184675835,16,509,0,2,2,5,5,11,8,10,0,1,1,1,0,4,4,1,3,15,1,0,1,0,0,0,0,3,22
"2023-01-13",16,231,43,0,1,4,19,21,225,224,6,6,0.047491776315789,231,4864,0.033180120654984,231,6962,0.035580524344569,19,534,0,0,0,2,2,6,14,19,0,0,0,1,0,0,1,3,1,6,1,0,2,1,0,0,0,2,23
"2023-01-15",14,222,20,0,1,0,19,20,215,210,7,6,0.046727004841086,222,4751,0.031937850668968,222,6951,0.036190476190476,19,525,0,3,0,1,3,4,5,4,0,0,2,1,1,3,6,4,5,22,2,0,2,1,0,0,0,1,21
