"","date","Adair","Adams","Allamakee","Appanoose","Audubon","Benton","Black.Hawk","Boone","Bremer","Buchanan","Buena.Vista","Butler","Calhoun","Carroll","Cass","Cedar","Cerro.Gordo","Cherokee","Chickasaw","Clarke","Clay","Clayton","Clinton","Crawford","Dallas","Davis","Decatur","Delaware","Des.Moines","Dickinson","Dubuque","Emmet","Fayette","Floyd","Franklin","Fremont","Greene","Grundy","Guthrie","Hamilton","Hancock","Hardin","Harrison","Henry","Howard","Humboldt","Ida","Iowa","Jackson","Jasper","Jefferson","Johnson","Jones","Keokuk","Kossuth","Lee","Linn","Louisa","Lucas","Lyon","Madison","Mahaska","Marion","Marshall","Mills","Mitchell","Monona","Monroe","Montgomery","Muscatine","O.Brien","Osceola","Page","Palo.Alto","Pending.Investigation","Plymouth","Pocahontas","Polk","Pottawattamie","Poweshiek","Ringgold","Sac","Scott","Shelby","Sioux","Story","Tama","Taylor","Union","Van.Buren","Wapello","Warren","Washington","Wayne","Webster","Winnebago","Winneshiek","Woodbury","Worth","Wright","Totals"
"1","2020-07-31",0,0,4,3,1,1,62,2,7,1,12,2,2,1,0,1,17,1,0,3,1,3,2,3,35,1,0,1,2,4,28,1,0,2,4,0,0,1,5,1,2,0,0,3,0,1,0,1,1,24,0,14,1,1,0,2,87,14,4,0,2,17,0,24,0,0,0,7,3,47,1,0,0,0,0,8,1,201,21,8,1,0,11,1,2,13,29,0,1,1,31,1,10,1,5,0,1,47,0,1,865
"2","2020-08-01",0,0,4,3,1,1,62,2,7,1,12,2,2,1,1,1,17,1,0,3,1,3,3,3,35,1,0,1,2,4,28,1,0,2,4,0,0,1,5,1,2,0,0,3,0,1,0,1,1,24,0,15,1,1,0,3,87,14,4,0,2,17,0,24,0,0,0,7,3,47,1,0,0,0,0,8,1,201,21,8,1,0,12,1,2,13,29,0,1,1,31,1,10,1,5,0,1,49,0,1,872
"3","2020-08-02",0,0,4,3,1,1,62,2,7,1,12,2,2,1,1,1,17,1,0,3,1,3,3,3,35,1,0,1,2,4,29,1,0,2,4,0,0,1,5,1,2,0,0,3,0,1,0,1,1,24,0,15,1,1,0,3,87,14,4,0,2,17,0,24,0,0,0,7,3,47,1,0,0,0,0,8,1,202,21,8,1,0,12,1,2,13,29,0,1,1,31,1,10,1,5,0,1,49,0,1,874
"4","2020-08-03",0,0,4,3,1,1,62,2,7,1,12,2,2,1,1,1,17,1,0,3,1,3,3,3,35,1,0,1,2,4,29,1,0,2,4,0,0,1,5,1,2,0,0,3,0,1,0,1,1,24,0,15,1,1,0,3,87,14,4,0,2,17,0,24,0,0,0,7,3,48,1,0,0,0,0,8,1,202,23,8,1,0,12,1,2,13,29,0,1,1,31,1,10,1,5,0,1,50,0,1,878
"5","2020-08-04",0,0,4,3,1,1,62,2,7,1,12,2,2,1,1,1,17,1,0,3,1,3,3,3,35,1,0,1,2,4,29,1,0,2,5,0,0,1,5,1,2,0,0,3,0,1,0,1,1,24,0,15,2,1,0,3,87,14,4,0,2,17,0,24,0,0,0,7,3,48,1,0,0,0,0,8,1,203,23,8,1,0,12,1,2,14,29,0,1,1,32,1,10,1,6,0,1,51,0,1,885
"6","2020-08-05",0,0,4,3,1,1,62,2,7,1,12,2,2,1,1,1,17,1,0,3,1,3,3,3,35,1,0,1,2,4,31,2,0,2,6,0,0,1,5,1,2,0,0,3,0,1,0,1,1,25,0,15,2,1,0,3,87,14,4,0,2,17,0,25,0,0,0,7,3,48,1,0,0,0,0,8,1,204,23,8,1,0,12,1,2,14,29,0,1,1,32,1,10,1,7,0,1,51,0,1,893
"7","2020-08-06",0,0,4,3,1,1,63,2,7,1,12,2,2,1,1,1,17,1,0,3,1,3,3,3,35,1,0,1,2,4,31,2,0,2,8,0,0,1,5,1,2,0,0,3,0,1,0,1,1,26,0,16,2,1,0,3,87,14,4,1,2,17,0,25,0,0,0,7,4,48,1,0,0,0,0,8,1,206,25,8,1,0,13,1,2,14,29,0,1,1,33,1,10,1,7,0,1,51,0,1,906
"8","2020-08-07",0,0,4,3,1,1,63,2,7,1,12,2,2,1,1,1,17,1,0,3,1,3,3,3,35,1,0,1,2,4,31,2,0,2,9,0,0,1,5,1,2,0,0,3,0,1,0,1,1,26,0,16,2,1,0,3,87,14,4,2,2,17,0,25,0,0,0,7,4,48,2,0,0,0,0,8,1,206,26,8,1,0,14,1,3,14,29,0,1,1,33,1,10,1,7,0,1,51,0,1,912
"9","2020-08-08",0,0,4,3,1,1,66,2,7,1,12,2,2,1,1,1,17,1,0,3,1,3,3,3,35,1,0,1,2,4,31,4,0,2,10,0,0,1,5,1,2,0,0,3,0,1,0,1,1,26,0,19,2,1,0,3,87,14,4,2,2,17,0,26,0,0,0,7,4,48,2,0,0,0,0,9,2,207,26,8,1,0,14,1,3,14,29,0,1,1,33,1,10,1,7,0,1,51,0,1,925
"10","2020-08-09",0,0,4,3,1,1,66,3,7,1,12,2,2,1,1,1,17,1,0,3,1,3,3,3,35,2,0,1,2,4,31,4,0,2,10,0,0,1,5,1,2,0,0,4,0,1,0,1,1,26,0,19,2,1,0,3,88,14,4,2,2,17,0,26,0,0,0,7,4,48,2,0,0,0,0,9,2,207,26,8,1,0,14,1,3,14,29,0,1,1,33,1,10,1,7,0,1,52,0,1,930
"11","2020-08-10",0,0,4,3,1,1,66,3,7,1,12,2,2,1,1,1,17,1,0,3,1,3,3,3,35,2,0,1,2,4,31,4,0,2,10,0,0,1,5,1,2,0,1,4,0,1,0,1,1,26,0,19,2,1,0,3,88,14,4,2,2,17,0,26,0,0,0,7,4,48,2,0,0,0,0,9,2,207,26,8,1,0,14,1,3,14,29,0,1,1,33,1,10,1,7,0,1,52,0,1,931
"12","2020-08-11",0,0,4,3,1,1,66,3,7,1,12,2,2,2,1,1,17,1,0,3,1,3,3,3,35,2,0,1,2,4,31,4,0,2,10,0,0,1,5,1,2,0,1,4,0,1,0,1,1,26,0,19,2,1,0,3,88,14,4,2,2,17,0,26,0,0,0,7,4,48,4,0,0,0,0,9,2,207,26,8,1,0,14,1,3,14,29,0,1,1,33,1,10,1,8,0,1,52,0,1,935
"13","2020-08-12",0,0,4,3,1,1,66,3,7,1,12,2,2,2,1,1,17,1,0,3,1,3,4,3,35,2,0,1,2,4,31,4,0,2,12,0,0,1,5,1,2,0,1,4,0,1,0,1,1,27,0,19,2,1,0,3,88,14,4,2,2,17,0,26,0,0,0,8,4,48,4,0,0,0,0,11,2,208,28,8,1,0,14,1,3,15,29,0,1,1,33,1,10,1,8,0,1,52,0,1,946
"14","2020-08-13",0,0,4,3,1,1,66,3,7,1,12,2,2,2,1,1,17,1,0,3,1,3,4,3,35,2,0,1,2,4,31,4,0,3,12,0,0,1,5,1,2,0,1,4,0,1,0,1,1,27,0,20,2,1,0,4,88,14,4,2,2,17,0,27,1,0,0,8,4,48,5,0,0,0,0,12,2,208,29,8,1,0,14,1,3,15,29,0,1,1,33,1,10,1,8,0,1,52,0,1,954
"15","2020-08-14",0,0,4,3,1,1,66,3,7,1,12,2,2,2,1,1,18,1,0,3,1,3,4,3,35,2,0,1,2,4,31,4,0,3,12,0,0,1,5,1,2,0,1,4,0,1,0,1,1,27,0,21,2,1,0,4,89,14,4,2,2,17,0,27,1,0,0,8,4,48,5,0,0,0,0,12,2,210,29,8,1,0,15,1,3,15,29,0,1,1,36,2,10,1,8,0,1,52,0,1,964
"16","2020-08-15",0,0,4,3,1,1,66,3,7,1,12,2,2,2,2,1,19,1,0,3,1,3,4,3,35,2,0,1,2,4,31,4,0,3,12,0,0,1,5,1,2,0,1,4,0,1,0,1,1,28,0,21,2,1,0,5,89,14,4,2,2,17,0,27,1,0,1,8,4,48,5,0,0,0,0,12,2,210,29,8,1,0,15,1,3,15,29,0,2,1,36,2,10,1,8,0,1,54,0,1,972
"17","2020-08-16",0,0,4,3,1,1,66,3,7,1,12,2,2,2,2,1,19,1,0,3,1,3,4,3,35,2,0,1,2,4,31,4,0,3,13,0,0,1,5,1,2,0,1,4,0,1,0,1,1,28,0,21,2,1,0,5,89,14,4,2,2,17,0,27,1,0,1,8,4,48,5,0,0,0,0,12,2,211,29,8,1,0,15,1,3,15,29,0,2,1,37,2,10,1,8,0,1,54,0,1,975
"18","2020-08-17",0,0,4,3,1,1,66,3,7,1,12,2,2,2,2,1,19,1,0,3,1,3,4,3,35,2,0,1,2,4,31,4,0,3,13,0,0,1,5,1,2,0,1,4,0,1,0,1,1,28,0,21,2,1,0,5,89,14,4,2,2,17,0,27,1,0,1,8,4,48,5,0,0,0,0,12,2,211,29,8,1,0,15,1,3,15,29,0,2,1,37,2,10,1,8,0,1,54,0,1,975
"19","2020-08-18",0,0,4,3,1,1,67,3,7,1,12,2,2,2,2,1,19,1,0,3,1,3,4,3,35,2,0,1,2,4,31,5,0,3,15,0,0,1,5,1,2,0,1,4,0,2,0,1,1,28,0,21,2,1,0,5,89,14,4,2,2,17,0,27,1,0,1,8,4,48,5,0,0,0,0,13,2,211,30,8,1,0,16,1,3,15,29,0,3,1,38,3,10,2,8,0,1,54,0,1,987
"20","2020-08-19",1,0,4,3,1,1,67,3,7,1,12,2,2,2,2,1,20,1,0,3,1,3,4,3,35,2,0,1,2,5,33,5,0,3,16,0,0,1,5,1,2,1,1,4,0,2,0,1,1,29,0,22,2,1,0,5,89,14,4,2,2,17,0,28,1,0,1,8,4,48,6,0,0,0,0,13,2,212,30,8,1,0,17,1,3,16,29,0,3,1,38,3,10,2,8,1,1,54,0,1,1002
"21","2020-08-20",1,0,4,3,1,1,67,3,7,1,12,2,2,2,2,1,20,1,0,3,1,3,5,3,35,2,0,2,2,5,34,6,0,3,16,0,0,1,5,2,2,1,1,4,0,2,0,1,1,29,0,22,2,1,0,5,90,14,4,2,2,17,0,28,1,0,1,8,4,48,6,0,0,0,0,14,2,212,31,8,1,0,17,1,3,16,29,0,3,1,39,3,10,2,8,1,1,54,0,1,1011
"22","2020-08-21",1,0,4,3,1,1,67,3,7,1,12,2,2,2,2,1,20,1,0,3,1,3,5,3,35,2,0,2,2,5,34,6,0,3,16,0,0,1,5,2,2,1,1,4,0,2,0,1,1,29,0,24,2,1,0,5,89,14,4,2,2,17,0,28,1,0,1,8,4,48,7,0,0,0,0,15,2,212,31,8,1,0,17,1,3,16,29,0,3,1,39,4,10,2,8,2,1,54,0,1,1016
"23","2020-08-22",1,0,4,3,1,1,69,3,7,1,12,2,2,2,2,1,20,1,0,3,2,3,5,3,35,2,0,2,2,5,35,7,0,3,16,0,0,1,5,2,2,1,1,4,0,2,0,1,1,29,0,24,2,1,0,5,90,14,4,2,2,18,0,28,1,0,1,8,4,48,7,0,0,0,0,15,2,214,31,8,1,0,18,1,3,16,29,0,3,1,43,4,10,2,8,2,1,54,0,1,1030
"24","2020-08-23",1,0,4,3,1,1,69,3,7,1,12,2,2,2,2,1,20,1,0,3,2,3,6,3,36,2,0,2,3,5,35,7,0,3,16,0,0,1,5,2,2,1,1,4,0,2,0,1,1,29,0,24,2,1,0,5,90,14,4,2,2,18,0,28,1,0,1,8,4,48,7,0,0,0,0,15,2,214,31,8,1,0,18,1,3,16,29,0,3,1,43,4,10,2,8,2,1,54,0,1,1033
"25","2020-08-24",1,0,4,3,1,1,70,3,7,1,12,2,2,2,2,1,20,1,0,3,2,3,6,3,36,2,0,2,3,5,35,7,0,3,16,0,0,1,5,2,2,1,1,4,0,2,0,1,1,29,0,24,2,1,0,5,91,14,4,2,2,18,0,28,1,0,1,8,4,48,7,0,0,0,0,15,2,214,31,8,1,0,19,1,3,16,29,0,3,1,43,5,10,2,8,2,1,54,0,1,1037
"26","2020-08-25",1,0,4,3,1,1,71,3,7,1,12,2,2,2,2,1,20,1,0,3,2,3,7,3,36,2,0,2,3,5,35,7,1,3,16,0,0,1,5,2,2,1,1,4,0,2,0,1,1,30,0,24,2,1,0,5,91,14,4,2,2,18,0,28,1,0,1,8,4,48,7,0,0,0,0,15,2,217,31,8,1,0,19,1,3,16,29,0,3,1,45,5,10,2,8,3,1,54,0,1,1047
"27","2020-08-26",1,0,4,3,1,1,72,3,7,1,12,2,2,2,2,1,20,1,0,3,2,3,8,3,36,2,0,2,3,5,36,7,1,3,16,0,0,1,5,2,2,1,1,4,1,2,0,1,1,30,0,24,2,1,0,5,91,14,5,2,2,18,0,28,1,0,1,8,4,48,7,0,0,0,0,15,2,218,34,8,1,0,19,1,3,16,29,0,3,1,45,5,11,2,8,6,1,54,0,1,1060
"28","2020-08-27",1,0,4,3,1,1,72,4,7,1,12,2,2,2,2,1,20,1,0,3,2,3,9,3,37,2,0,3,4,5,36,7,1,3,16,0,0,1,5,2,2,1,1,4,2,2,0,1,1,30,0,26,2,1,0,5,92,14,5,2,2,18,0,29,1,0,1,8,4,49,7,0,0,0,0,17,2,221,34,8,1,0,19,1,3,16,29,0,3,1,46,5,11,2,8,6,1,54,0,1,1077
"29","2020-08-28",1,0,4,3,1,1,73,4,7,1,12,2,2,2,2,1,20,1,0,3,2,3,9,3,38,2,0,3,5,5,36,7,1,3,16,0,0,1,5,2,2,1,1,4,2,2,0,1,1,30,0,26,2,1,0,5,93,14,5,2,2,18,0,29,1,0,1,8,4,51,7,0,0,0,0,18,2,222,34,8,1,0,19,1,3,16,29,1,3,1,48,5,11,2,8,7,1,56,0,1,1091
"30","2020-08-29",1,0,4,3,1,1,74,4,7,1,12,2,2,2,2,1,20,2,0,3,3,3,10,3,39,2,0,3,5,6,36,8,1,3,17,0,0,1,5,2,2,1,1,4,2,2,0,1,1,30,0,26,2,1,0,5,94,14,5,2,2,18,0,31,1,0,1,8,4,51,7,0,0,0,0,18,2,226,34,8,1,0,20,1,3,16,29,1,3,1,49,5,11,2,8,7,1,56,0,1,1108
"31","2020-08-30",1,0,4,3,1,1,74,4,7,1,12,2,2,2,2,1,20,2,0,3,3,3,10,3,39,2,0,3,5,6,36,8,1,3,17,0,0,1,5,2,2,1,1,4,2,2,0,1,1,30,0,26,2,1,0,5,94,14,5,2,2,18,0,32,1,0,1,8,4,51,7,0,0,0,0,18,2,225,34,8,1,0,20,1,3,16,29,1,3,1,49,5,11,2,8,7,3,56,0,1,1110
"32","2020-08-31",1,0,4,3,1,1,74,4,7,1,12,2,2,2,2,1,20,2,0,3,3,3,10,3,39,2,0,3,5,6,36,8,1,3,17,0,0,1,5,2,2,1,1,4,2,2,0,1,1,30,0,26,2,1,0,5,93,14,5,2,2,18,0,32,1,0,1,8,5,51,7,0,0,0,0,18,2,225,34,8,1,0,21,1,3,16,29,1,3,1,49,5,11,2,8,8,3,56,0,1,1112
"33","2020-09-01",1,0,5,3,1,1,75,4,7,1,12,2,2,3,2,1,20,2,0,3,3,3,10,3,38,2,0,3,5,6,36,8,1,3,17,0,0,1,5,2,2,1,2,4,2,2,0,1,1,30,0,26,2,1,0,5,94,14,5,2,2,18,1,32,1,0,1,8,5,52,7,0,0,0,0,18,2,225,34,8,1,0,21,1,3,16,29,1,3,1,50,5,11,2,9,9,3,56,0,1,1121
"34","2020-09-02",1,0,5,3,1,1,76,4,7,1,12,2,2,3,2,1,20,2,0,3,3,3,10,3,38,2,0,3,5,6,36,8,1,3,17,0,0,1,5,2,2,1,2,4,2,2,0,1,1,30,0,26,2,1,0,5,94,14,5,2,2,18,1,32,1,0,1,8,5,52,7,0,0,0,0,18,2,226,34,8,1,0,21,1,3,16,29,1,3,1,51,5,11,2,9,9,4,56,0,1,1125
"35","2020-09-03",1,0,5,3,1,1,76,4,7,1,12,2,2,3,2,1,20,2,0,3,3,3,13,3,38,3,0,3,5,6,36,8,1,3,17,0,0,1,5,2,2,1,2,4,2,2,0,1,1,30,0,26,2,1,0,5,94,14,5,2,2,18,2,32,1,0,1,8,5,52,8,0,0,0,0,18,2,227,34,8,1,0,21,1,3,16,29,1,3,1,51,6,11,2,9,10,4,56,0,1,1134
"36","2020-09-04",1,0,5,3,1,1,76,4,7,1,12,2,2,3,2,1,20,2,0,3,3,3,13,3,38,3,0,3,5,6,36,8,1,3,17,0,0,1,5,2,2,1,2,4,3,2,0,1,2,30,0,26,2,1,0,6,94,14,5,2,2,18,2,32,1,0,1,8,5,52,8,0,0,0,0,18,2,227,34,8,1,0,21,1,3,16,29,1,3,1,51,6,11,2,9,10,4,56,0,1,1137
"37","2020-09-05",1,0,5,3,1,1,78,4,7,1,12,2,2,3,2,1,20,2,0,3,3,3,13,3,38,3,0,3,5,6,36,8,1,3,17,0,0,1,5,2,2,1,2,4,3,2,0,1,2,30,1,26,2,1,0,6,94,14,5,2,2,18,2,32,1,0,1,8,5,52,8,0,0,0,0,18,2,240,34,8,1,0,22,1,3,16,29,1,3,1,54,5,11,2,11,10,4,56,0,1,1158
"38","2020-09-06",1,0,5,3,1,1,78,4,7,1,12,2,2,4,2,1,20,2,0,3,3,3,13,3,38,3,0,3,5,6,36,8,1,3,17,0,0,1,5,2,2,1,2,4,3,2,0,1,2,30,1,26,2,1,0,6,95,14,5,2,2,18,2,32,1,0,1,8,5,52,8,0,0,0,0,18,2,243,34,8,2,0,23,1,3,16,29,1,3,1,54,5,11,2,11,10,4,56,0,1,1165
"39","2020-09-07",1,0,5,3,1,1,78,5,7,1,12,2,2,4,2,1,20,2,0,3,3,3,13,3,38,3,0,3,5,6,36,8,1,3,17,0,0,1,5,2,2,1,2,4,3,2,0,1,2,30,1,26,2,1,0,6,96,14,5,2,2,18,2,32,1,0,1,8,5,52,8,0,0,0,0,18,2,243,34,8,2,0,23,1,3,16,29,1,3,1,54,5,11,2,11,10,4,56,0,1,1167
"40","2020-09-08",1,0,5,3,1,1,79,5,7,1,12,2,2,4,2,1,20,2,0,3,3,3,14,3,38,3,0,3,5,6,36,8,1,3,17,0,0,1,5,2,2,1,2,4,3,2,0,1,2,30,1,26,2,1,0,6,96,14,5,2,2,18,2,32,1,0,1,8,5,52,8,0,0,0,0,18,2,243,34,8,2,0,23,1,3,16,29,1,3,1,54,5,11,2,11,10,4,57,0,1,1170
"41","2020-09-09",1,0,5,3,1,1,79,5,7,1,12,2,2,5,2,1,21,2,0,3,3,3,15,3,38,4,0,3,5,6,36,8,1,3,17,0,0,1,5,2,2,1,2,4,3,2,0,1,2,31,1,26,2,1,0,6,98,14,5,2,2,18,2,32,1,0,1,8,5,52,8,0,0,0,0,19,2,246,34,8,2,0,23,1,3,16,30,1,3,1,55,5,11,2,11,10,5,58,0,1,1185
"42","2020-09-10",1,0,5,3,1,1,81,5,7,1,12,2,2,5,2,1,21,2,0,3,3,3,15,3,38,4,0,3,6,6,37,9,1,3,17,0,0,2,5,2,2,1,2,4,3,2,0,1,2,31,1,26,3,1,0,6,98,14,6,3,2,18,3,32,1,0,1,8,5,52,8,0,0,0,0,20,2,248,35,8,2,0,24,1,3,16,30,1,3,1,56,6,11,2,13,10,5,58,0,1,1204
"43","2020-09-11",1,0,5,3,1,1,81,5,7,1,12,2,2,5,2,1,21,2,0,3,3,3,15,3,38,4,0,3,6,6,37,9,1,3,17,0,0,2,5,2,2,1,2,4,4,2,0,1,2,31,1,26,3,1,0,6,100,14,6,3,2,18,3,32,1,0,1,8,5,52,8,0,0,0,0,20,2,248,35,8,2,0,25,1,3,16,30,1,3,1,56,6,11,2,13,10,5,58,0,1,1208
"44","2020-09-12",1,0,5,3,1,1,81,5,7,1,12,2,2,5,2,1,21,2,0,3,3,3,16,4,38,4,0,3,6,6,37,9,1,3,17,0,0,2,5,3,2,1,2,4,4,2,0,1,2,31,1,26,3,1,0,6,100,14,6,3,2,18,3,32,1,0,1,8,5,52,8,0,0,0,0,20,2,251,36,8,2,0,25,1,3,17,30,1,3,1,56,6,11,2,13,10,5,58,0,1,1216
"45","2020-09-13",1,0,5,3,1,1,81,5,7,1,12,2,2,5,2,1,21,2,0,3,3,3,16,4,38,4,0,3,6,6,37,9,1,3,17,0,0,2,5,3,2,1,2,4,4,2,0,1,2,31,1,26,3,1,0,6,100,14,6,3,2,18,3,32,1,0,1,8,5,52,8,0,0,0,0,20,2,252,36,8,2,0,25,1,3,17,30,1,3,1,56,6,11,2,14,10,5,58,0,1,1218
"46","2020-09-14",1,0,5,3,1,1,82,5,7,1,12,2,2,5,2,1,21,2,0,3,3,3,16,4,38,4,0,3,6,6,37,9,1,3,17,0,0,2,5,3,2,1,2,4,4,2,0,1,2,31,1,26,3,1,0,6,100,14,6,3,2,19,3,32,1,0,1,8,5,52,8,0,0,0,0,20,2,252,36,8,2,0,25,1,3,17,30,1,3,1,56,6,11,2,14,10,5,58,0,1,1220
"47","2020-09-16",1,0,5,3,1,1,83,6,7,1,12,2,2,5,2,1,21,2,0,3,3,3,17,4,38,4,0,3,7,6,38,10,1,3,17,0,0,2,5,3,2,1,2,4,4,2,0,1,3,32,1,27,3,1,0,6,101,14,6,3,2,19,3,32,1,0,1,8,5,52,8,0,0,0,0,20,2,253,36,8,2,0,26,1,3,17,30,1,3,1,57,6,11,2,14,10,5,59,0,1,1234
"48","2020-09-17",1,0,5,3,1,1,84,6,7,1,12,2,2,5,2,1,21,2,0,3,3,3,18,4,38,4,0,3,7,6,40,10,1,3,17,0,0,2,5,3,2,1,2,4,4,2,0,1,3,32,1,27,3,1,0,7,101,14,6,3,2,19,4,34,1,0,1,9,5,52,9,0,0,0,0,20,2,255,37,8,2,0,26,1,3,17,30,1,3,1,57,6,11,2,14,11,5,59,0,1,1248
"49","2020-09-18",1,0,5,3,1,1,85,6,7,1,12,2,2,5,2,1,21,2,0,3,3,3,18,4,38,4,0,3,7,6,40,10,1,3,17,0,0,2,5,3,2,1,2,4,5,2,0,1,3,32,1,27,3,1,0,7,103,14,6,3,2,19,4,34,1,0,1,10,5,52,9,0,0,0,0,20,2,256,37,8,2,0,27,1,3,17,31,1,3,1,57,6,11,2,14,11,5,60,0,1,1257
"50","2020-09-19",1,0,5,3,1,1,86,7,7,1,12,2,2,5,2,1,21,2,0,3,3,3,18,4,38,4,0,3,7,6,40,10,1,3,17,0,0,2,5,3,2,1,2,4,5,3,0,1,3,32,1,27,3,1,0,7,105,15,6,3,2,19,4,34,1,0,1,10,5,52,9,0,0,0,0,20,2,256,37,8,2,0,27,1,3,17,31,1,3,1,57,6,11,2,14,11,5,61,0,1,1264
"51","2020-09-20",1,0,5,3,1,1,86,7,7,1,12,2,2,5,2,1,21,2,0,3,3,3,18,4,38,4,0,3,7,6,40,10,1,3,17,0,0,2,5,3,2,1,2,4,5,3,0,1,3,32,1,27,3,1,0,7,106,15,6,3,2,19,4,34,1,0,1,10,5,52,9,0,0,0,0,20,2,256,37,8,2,0,27,1,3,17,31,1,3,1,57,6,11,2,14,11,5,61,0,1,1265
"52","2020-09-21",1,0,5,3,1,1,86,7,7,1,12,2,2,5,2,1,21,2,0,3,3,3,18,4,38,4,0,3,7,6,40,10,1,3,17,0,0,2,5,3,2,1,2,4,5,3,0,1,3,32,1,27,3,1,0,7,106,15,6,3,2,19,4,34,1,0,1,10,5,52,9,0,0,0,0,20,2,256,37,8,2,0,27,1,3,17,31,1,3,1,57,6,11,2,14,11,5,61,0,1,1265
"53","2020-09-22",1,0,6,3,1,1,86,8,7,1,12,2,2,5,2,1,21,2,0,3,3,3,19,5,38,4,0,3,7,6,41,10,2,3,18,0,0,2,5,3,2,1,2,4,6,3,0,1,3,32,1,27,3,1,0,7,108,15,6,3,2,19,5,34,1,0,1,10,5,54,9,0,0,0,0,20,2,259,38,8,2,0,27,1,3,17,31,1,3,1,57,6,11,2,14,11,5,63,0,1,1284
"54","2020-09-23",1,0,6,3,1,1,88,8,7,1,12,2,2,5,2,1,21,2,0,3,4,3,20,5,38,4,0,3,7,6,41,10,2,3,18,0,0,3,5,3,2,1,2,4,6,3,0,1,3,32,1,27,3,1,0,7,108,15,6,4,2,19,5,34,1,0,1,10,5,54,9,0,0,0,0,20,2,259,38,8,2,0,28,1,3,17,31,1,3,1,57,6,11,2,14,13,5,63,0,1,1293
"55","2020-09-24",1,0,6,3,1,1,88,8,7,1,12,2,2,5,2,1,21,2,0,3,4,3,20,5,38,4,0,3,7,6,41,10,2,3,18,0,0,3,6,3,2,1,2,4,6,3,0,1,3,32,1,27,3,1,0,7,109,15,6,4,2,19,5,34,1,0,1,10,5,54,9,0,0,0,0,20,2,261,38,8,2,0,28,1,3,17,31,1,3,1,57,6,11,2,14,13,6,63,0,1,1298
"56","2020-09-25",1,0,6,3,1,1,88,8,7,1,12,2,3,5,2,1,21,2,0,3,4,3,20,5,38,4,0,3,7,6,41,10,2,3,18,0,0,3,6,3,2,1,3,4,6,3,1,1,3,32,1,27,3,1,0,7,110,15,6,4,2,19,6,34,1,0,1,10,5,54,9,0,0,0,0,20,2,261,38,8,2,0,28,1,3,17,31,1,3,1,57,6,11,2,14,13,6,63,0,1,1303
"57","2020-09-26",1,0,6,3,1,1,90,8,7,1,12,2,3,5,2,1,21,2,0,3,4,3,21,5,38,4,0,3,8,6,41,10,2,3,18,0,0,3,6,3,2,1,3,4,6,3,1,1,3,32,1,27,3,1,0,7,111,15,6,4,2,19,7,34,1,0,1,10,5,54,9,0,0,0,0,20,2,262,38,8,2,0,28,1,3,17,31,1,3,1,57,6,11,2,14,13,6,64,0,1,1311
"58","2020-09-27",1,0,6,3,1,1,90,8,7,1,12,2,3,5,2,1,21,2,0,3,4,3,21,5,38,4,0,3,8,6,41,10,2,3,18,0,0,3,6,3,2,1,3,4,6,3,1,1,3,32,1,27,3,1,0,7,111,15,6,4,2,19,7,34,1,0,1,11,5,55,9,0,0,0,0,21,2,262,38,8,2,0,28,1,3,17,31,1,3,1,57,6,11,2,14,13,6,64,0,1,1314
"59","2020-09-28",1,0,6,3,1,1,90,8,7,1,12,2,3,5,2,1,21,2,0,3,4,3,21,5,38,4,0,3,8,6,41,10,2,3,18,0,0,3,6,3,2,1,3,4,6,3,1,1,3,32,1,27,3,1,0,7,112,15,6,4,2,19,7,34,1,0,1,11,5,55,9,0,0,0,0,21,2,262,39,8,2,0,28,1,3,17,31,1,3,1,57,6,11,2,14,13,6,64,0,1,1316
"60","2020-09-29",1,0,6,3,1,1,90,8,7,1,12,2,3,5,2,1,21,2,1,3,4,3,21,5,38,4,0,3,8,6,41,10,2,3,18,0,0,3,7,3,2,1,3,4,7,3,1,1,3,32,1,27,3,1,0,7,113,15,6,4,2,19,7,34,1,0,1,11,5,55,9,0,0,0,0,21,2,262,39,8,2,0,28,1,3,17,32,1,3,1,57,6,11,2,14,13,6,67,0,1,1324
"61","2020-09-30",1,0,6,3,1,1,92,8,7,1,12,2,3,5,2,1,21,2,1,3,4,3,21,6,38,4,0,3,8,6,42,10,2,3,18,0,0,4,9,3,2,1,3,4,7,3,2,1,3,34,1,27,3,1,0,7,114,15,6,4,2,20,8,34,1,0,1,11,5,55,9,0,0,0,0,21,2,264,39,8,2,0,28,1,3,17,32,1,3,1,57,6,11,2,14,13,8,68,0,1,1342
"62","2020-10-01",1,0,6,3,1,1,92,8,7,1,12,2,3,5,2,1,22,2,1,3,4,3,22,6,38,4,0,3,9,6,43,10,2,5,18,0,0,4,10,3,2,1,5,4,7,3,2,1,3,34,1,27,3,1,0,7,115,15,6,4,2,20,9,35,1,0,1,11,5,56,9,0,0,0,0,21,2,264,39,8,2,0,29,1,3,17,32,1,3,1,57,6,11,3,14,14,8,68,0,1,1358
"63","2020-10-02",1,0,6,3,1,1,92,8,7,1,12,2,3,5,2,2,23,2,1,3,4,3,22,6,38,4,0,3,9,6,43,10,2,5,18,0,0,4,10,3,2,1,5,4,7,3,2,1,3,34,1,27,3,1,0,7,115,15,6,4,2,20,9,35,1,0,1,11,5,56,9,0,0,0,0,21,2,266,40,9,2,0,29,1,4,17,32,1,3,1,57,6,11,3,14,14,8,69,0,1,1366
"64","2020-10-03",1,0,6,3,1,1,92,8,7,1,12,2,3,5,2,2,23,2,1,3,4,3,22,6,38,4,0,4,9,7,44,10,2,5,18,0,0,4,10,3,2,1,5,4,7,3,2,1,3,34,1,28,3,1,0,7,115,15,6,4,2,21,9,35,1,0,1,11,5,56,9,0,0,0,0,22,2,270,41,9,2,0,29,1,4,17,32,1,3,1,57,6,11,3,14,14,8,69,0,1,1377
"65","2020-10-04",1,0,6,3,1,1,93,8,7,1,12,2,3,5,2,2,23,2,1,3,4,3,22,7,38,4,0,4,9,7,44,10,2,5,18,0,0,4,10,3,2,1,5,5,7,3,2,1,3,34,1,28,3,1,0,7,116,15,6,4,2,21,9,35,1,0,1,11,5,56,9,0,0,0,0,22,2,270,41,9,2,0,29,1,4,17,32,1,3,1,57,6,11,3,14,14,8,69,0,1,1381
"66","2020-10-05",1,0,6,3,1,1,94,8,7,1,12,2,3,5,2,2,23,2,1,3,4,3,22,7,39,4,0,4,9,7,44,10,2,6,18,0,0,4,11,3,2,1,5,5,7,3,2,1,3,34,1,28,3,1,0,7,116,15,6,4,2,21,9,35,1,0,1,11,5,56,9,0,0,0,0,22,2,271,41,9,2,0,29,1,4,17,32,1,3,1,57,6,11,3,14,14,8,70,0,1,1387
"67","2020-10-06",1,0,8,3,1,1,94,8,7,1,12,2,3,5,2,2,23,2,1,3,4,3,22,7,39,4,0,4,9,7,46,10,2,7,18,0,0,4,11,3,2,2,5,5,7,3,2,1,3,34,1,28,3,1,0,7,116,15,6,4,2,21,9,35,1,0,1,11,5,56,9,0,0,0,0,23,2,271,41,10,2,0,29,1,4,17,33,1,3,1,57,6,11,3,14,14,8,72,0,1,1398
"68","2020-10-07",1,0,8,3,1,1,95,8,7,1,12,2,3,5,2,2,23,2,1,3,4,3,23,7,40,4,0,4,9,7,47,11,2,8,18,0,0,4,12,3,3,2,5,5,7,3,2,1,3,34,1,28,3,1,0,8,116,15,6,5,2,21,9,35,1,0,1,11,5,56,9,0,0,0,0,23,2,271,41,10,2,0,29,1,6,17,34,1,3,1,58,6,11,3,14,14,8,74,0,1,1414
"69","2020-10-08",1,0,8,3,1,1,95,8,7,1,12,2,3,5,2,3,23,2,1,3,4,3,23,7,40,4,0,4,9,7,47,11,2,8,18,0,0,4,12,3,3,2,5,5,7,3,2,1,3,34,1,28,3,1,0,8,117,15,6,5,2,21,9,36,1,0,1,11,5,56,9,0,0,0,0,23,2,271,42,10,2,1,29,1,6,17,34,1,3,1,58,6,11,3,14,14,8,74,0,1,1419
"70","2020-10-09",1,0,8,3,1,1,95,8,7,1,12,2,3,5,2,3,23,2,1,3,4,3,24,9,40,4,0,4,9,7,47,11,2,9,18,0,0,4,12,3,3,2,5,5,7,3,2,1,3,34,1,29,3,1,0,9,117,15,6,5,2,21,9,36,1,0,1,11,5,56,9,0,0,0,0,24,2,272,43,10,2,1,29,1,7,17,34,1,3,1,58,6,11,3,14,15,9,76,0,1,1433
"71","2020-10-10",1,0,8,3,1,1,96,8,7,1,12,2,3,6,2,3,23,2,1,3,4,3,25,10,40,4,0,6,9,7,47,11,2,9,18,0,0,4,13,3,4,3,5,5,7,3,2,2,3,35,1,29,3,1,0,9,119,15,6,5,2,21,9,36,1,0,1,11,5,57,9,0,0,0,0,24,2,276,43,10,2,1,29,1,8,17,34,1,3,1,58,6,11,3,14,16,9,77,0,1,1454
"72","2020-10-11",1,0,8,3,1,1,96,8,7,1,12,2,3,6,2,3,23,2,1,3,4,3,25,11,40,4,0,6,9,7,47,11,2,9,18,0,0,4,13,3,4,3,5,5,7,3,2,2,3,35,1,29,3,1,0,9,120,15,6,5,2,21,9,36,1,0,1,11,5,57,9,0,0,0,0,24,2,276,43,11,2,1,29,1,8,17,35,1,3,1,59,6,11,3,14,16,9,78,0,1,1460
"73","2020-10-12",1,0,8,3,1,1,96,8,7,1,12,2,3,6,2,3,23,2,1,3,4,3,25,11,40,4,0,6,9,7,48,11,2,9,18,0,0,4,13,3,4,3,5,5,7,3,2,2,3,35,1,29,3,1,0,9,121,15,6,5,2,21,9,36,1,0,1,11,5,57,9,0,0,0,0,24,2,276,43,11,2,1,29,1,8,17,35,1,3,1,59,6,11,3,14,16,9,78,0,1,1462
"74","2020-10-13",1,0,8,3,1,1,96,8,7,2,12,2,3,6,2,4,23,2,1,3,4,3,25,11,40,4,0,7,9,7,50,13,2,10,18,0,0,4,13,3,4,4,5,5,7,3,2,2,3,35,1,30,3,1,0,9,121,15,6,5,2,21,9,36,1,0,1,11,5,57,9,0,0,1,0,24,2,277,43,11,2,1,30,1,9,17,35,1,3,2,60,6,11,3,14,16,9,81,0,1,1481
"75","2020-10-14",1,0,8,3,1,1,96,8,7,3,12,2,3,6,2,5,23,2,1,3,4,3,25,11,41,4,0,7,9,7,50,13,2,10,18,0,0,4,14,3,4,4,6,5,8,3,2,2,3,35,1,30,3,1,0,9,122,15,6,5,2,21,9,36,1,0,1,11,5,57,9,0,0,1,0,24,2,277,43,11,2,1,32,1,10,17,35,1,3,2,60,6,11,3,14,16,9,81,0,1,1491
"76","2020-10-15",1,0,8,3,1,1,96,8,7,3,12,2,3,7,2,5,23,2,1,3,4,3,25,12,42,4,0,8,9,7,50,14,2,11,18,0,0,4,14,3,4,5,6,5,8,3,2,2,3,35,1,30,3,1,0,9,122,15,6,5,2,22,10,36,1,0,1,11,5,57,9,0,0,1,0,24,2,278,43,11,2,2,32,1,11,17,35,2,3,2,60,6,11,3,14,16,9,82,0,1,1505
"77","2020-10-16",1,0,8,3,1,1,96,8,7,3,12,2,3,7,2,5,23,2,1,3,4,3,25,12,43,4,0,8,9,7,52,14,2,11,18,1,0,4,14,3,4,5,7,5,8,3,2,2,3,34,1,30,3,1,0,9,122,15,6,7,2,22,10,36,1,0,1,11,5,57,9,0,0,1,0,24,2,281,43,11,2,2,33,1,11,17,36,2,3,2,62,6,11,3,14,16,9,85,0,1,1521
"78","2020-10-17",1,0,8,3,1,1,96,8,7,3,12,2,3,8,2,5,23,2,1,3,4,3,25,12,43,4,0,8,9,7,52,14,2,11,18,1,0,4,14,3,4,5,7,5,8,3,2,2,3,34,1,30,3,1,0,9,122,15,6,7,2,22,10,36,1,0,1,11,5,57,9,0,0,1,0,24,2,281,44,11,2,3,33,1,11,17,36,2,3,2,62,6,11,3,14,16,9,85,0,1,1524
"79","2020-10-18",1,0,8,3,1,1,96,8,7,3,12,2,3,8,2,5,23,2,1,3,4,3,25,12,43,4,0,8,9,7,52,14,2,11,18,1,0,4,14,3,4,5,8,5,8,3,2,4,3,34,1,30,3,1,0,9,122,15,6,7,2,22,10,36,1,0,1,11,5,57,9,0,0,1,0,24,2,281,44,11,2,3,33,1,11,17,36,2,3,2,62,6,11,3,14,16,9,86,0,1,1528
"80","2020-10-19",1,0,8,3,1,1,96,8,7,3,12,2,3,8,2,5,23,2,1,3,4,3,25,12,43,4,0,8,9,7,52,14,2,11,18,1,0,4,14,3,4,5,8,5,8,3,2,6,3,34,1,30,3,1,0,9,123,15,6,7,2,22,10,36,1,0,1,11,5,57,10,0,0,1,0,24,2,281,44,11,2,3,33,1,11,17,36,2,3,2,62,6,11,3,14,16,9,86,0,1,1532
"81","2020-10-20",1,0,8,3,1,1,96,8,8,3,12,2,4,8,2,5,23,2,1,3,4,3,25,12,43,4,0,8,9,7,52,14,2,11,18,1,0,4,14,3,4,5,8,5,9,3,2,6,3,34,1,30,3,1,0,9,126,15,6,7,2,22,10,36,1,0,1,11,5,58,11,0,0,1,0,25,2,282,44,11,2,3,34,1,12,17,37,2,4,2,62,6,11,3,14,16,9,88,0,1,1548
"82","2020-10-21",1,0,8,3,1,1,96,9,9,3,12,2,4,8,2,5,23,2,1,3,4,3,26,12,43,4,0,8,9,7,54,14,2,11,18,1,0,4,15,3,4,5,8,5,9,3,2,8,3,34,1,30,3,1,0,9,127,15,6,7,2,23,10,36,1,0,1,11,5,58,14,0,0,2,0,26,2,283,44,11,2,4,37,1,14,18,37,2,4,2,62,6,11,3,14,17,9,92,0,1,1576
"83","2020-10-22",1,0,8,3,1,1,98,9,9,4,12,2,4,10,2,5,23,2,1,3,4,3,26,12,44,4,0,9,9,7,54,17,3,11,18,1,0,5,15,3,4,5,8,5,9,3,2,8,3,34,1,30,3,1,0,10,128,15,6,7,2,24,10,36,1,0,1,11,5,58,14,0,0,2,0,26,2,283,44,11,2,4,37,1,14,18,37,2,4,2,62,6,11,3,14,18,9,94,0,1,1594
"84","2020-10-23",1,0,8,3,1,1,98,9,9,4,12,2,4,12,2,5,25,2,1,3,4,3,26,14,44,4,0,12,10,7,55,17,3,11,18,1,0,5,15,3,4,6,9,5,9,3,2,8,3,34,1,30,3,1,0,10,129,15,6,7,3,24,10,36,1,0,1,11,6,58,14,0,0,2,0,27,2,285,44,11,2,4,37,1,16,18,37,2,4,2,62,7,11,3,14,19,9,94,0,1,1617
"85","2020-10-24",1,0,8,3,1,2,98,9,9,4,12,2,4,12,2,5,25,2,1,3,4,3,26,14,44,4,0,12,10,7,57,17,4,11,18,1,0,5,15,4,4,6,11,5,9,3,2,8,3,34,1,30,4,1,0,10,129,15,6,7,3,24,10,36,1,0,1,11,7,58,14,0,0,2,0,27,2,286,44,11,2,4,38,1,16,18,37,2,4,2,62,7,11,3,15,19,9,94,0,1,1629
"86","2020-10-25",1,0,8,3,1,2,98,9,9,4,12,2,4,12,3,5,25,2,1,3,4,3,26,14,44,4,0,12,10,7,57,17,4,11,18,1,0,5,15,4,4,7,11,5,9,3,2,8,3,34,1,30,4,1,0,10,129,15,6,7,3,24,10,36,1,0,1,11,7,58,14,1,0,2,0,27,2,288,44,11,2,4,38,1,16,18,37,2,4,2,62,7,11,3,15,19,9,94,0,1,1634
